genre,top,left,font_pct
2-step,1929,1273,100
21st century classical,21303,272,101
432hz,19492,270,100
48g,2382,354,100
528hz,19755,85,101
5th wave emo,9045,331,101
8-bit,2776,618,100
8d,14641,242,101
a cappella,13675,609,103
aarhus indie,11637,458,100
aberdeen indie,9835,390,100
abstract,9908,663,101
abstract beats,7827,939,101
abstract hip hop,7839,909,102
abstract idm,7274,586,100
abstractro,14524,198,100
accordeon,11981,804,100
accordion,15576,817,101
accordion band,13910,414,100
acid house,1467,1110,101
acid idm,2027,1079,100
acid jazz,4822,1002,101
acid rock,13010,473,104
acid techno,1084,1117,101
acid trance,1676,1009,100
acidcore,935,1019,100
acousmatic,19784,456,100
acoustic blues,19316,1084,102
acoustic chill,16114,788,101
acoustic cover,15939,830,103
acoustic guitar cover,15272,1004,102
acoustic opm,14327,659,102
acoustic pop,12574,581,106
acoustic punk,12621,721,101
acoustic rock,13700,624,101
action rock,7669,181,100
adelaide indie,7943,402,100
adelaide punk,8074,291,100
adivasi pop,2960,866,100
adoracao,10295,384,106
adoracion,10016,596,101
adoracion pentecostal,11080,849,101
adult standards,18832,700,112
adventista,13861,445,101
aesthetic rap,5088,1011,106
afghan pop,12476,808,102
afghan rap,6977,1121,100
afghan traditional,19153,464,100
african electronic,3916,1097,100
african experimental,12289,551,100
african gospel,11541,705,101
african metal,6802,236,100
african percussion,17400,763,100
african reggae,6437,1115,101
african rock,6370,566,101
african-american classical,19696,891,101
afrikaans,8763,663,102
afrikaans folk,13871,786,100
afrikaans gospel,12203,540,100
afrikaans gqom,1605,1235,100
afrikaans hip hop,6035,1152,100
afro drill,7989,1152,101
afro house,1134,1252,101
afro house angolano,2995,1326,100
afro psych,11142,921,100
afro r&amp;b,8601,973,103
afro soul,4880,1011,102
afro-cuban percussion,16511,1056,100
afro-cuban traditional,15576,1132,100
afro-funk,9443,1036,100
afrobeat,13034,1038,102
afrobeat brasileiro,8198,927,101
afrobeat fusion,10833,996,100
afrobeats,8601,1066,112
afrofuturism,10460,845,106
afrofuturismo brasileiro,6450,1034,103
afropop,11117,967,106
afroswing,11090,1084,103
aggressive phonk,2625,883,102
aggro chileno,7767,445,100
aggrotech,1315,586,101
aghani lil-atfal,12998,1026,100
agronejo,8501,847,113
ai,13192,408,100
ainu folk,14094,971,100
akordeon,6729,683,100
alabama hardcore,9463,187,100
alabama indie,11318,460,101
alabama metal,7547,227,100
alabama rap,5466,1095,103
alandsk musik,12758,497,100
alaska hip hop,7963,1043,100
alaska indie,12069,588,101
albanian alternative,6061,779,100
albanian folk,17125,435,100
albanian hip hop,6047,1110,104
albanian iso polyphony,21620,315,100
albanian pop,5948,955,104
albanian rock,7681,630,100
albany ny indie,11210,495,100
alberta country,6221,554,101
alberta hip hop,7827,1079,100
album rock,10880,490,121
albuquerque indie,9561,621,101
algerian folk,17680,708,100
algorave,4689,788,100
alpenpanorama,16686,919,100
alphorn,15400,521,100
alpine yodeling,8778,731,100
alt z,8689,834,115
alt-idol,2615,443,100
alte,9681,1017,103
alternative americana,13527,566,102
alternative ccm,11882,486,101
alternative country,13454,542,103
alternative dance,2674,815,106
alternative emo,6815,317,104
alternative hardcore,8334,495,100
alternative hip hop,11265,977,108
alternative metal,6864,306,124
alternative metalcore,6702,325,100
alternative pop,10736,398,101
alternative pop rock,7186,462,104
alternative r&amp;b,10520,967,111
alternative rock,9647,416,118
alternative roots rock,11514,458,101
amapiano,1072,1355,103
ambeat,6404,957,101
ambient,15167,234,103
ambient black metal,12858,33,100
ambient country,17049,327,100
ambient dub techno,3110,1058,100
ambient folk,16394,433,103
ambient fusion,5249,927,100
ambient guitar,16014,172,102
ambient house,6409,744,101
ambient idm,8162,633,101
ambient industrial,14507,212,100
ambient lo-fi,14590,319,104
ambient pop,13335,358,105
ambient post-rock,14757,133,100
ambient psychill,3286,726,100
ambient synth,18440,199,100
ambient techno,4997,837,100
ambient trance,5289,604,100
ambient worship,14494,245,103
american 21st century classical,20809,310,100
american choir,21840,163,100
american classical piano,21389,521,100
american contemporary classical,21316,384,101
american early music,21535,302,100
american folk revival,19487,868,102
american grindcore,11404,140,100
american melodeath,6272,160,100
american metalcore,5085,225,103
american modern classical,21133,488,101
american oi,8887,376,100
american orchestra,20397,238,100
american post-punk,7397,390,101
american post-rock,11271,310,101
american primitive,17621,551,100
american romanticism,21218,460,100
american shoegaze,8394,147,102
amharic pop,7078,901,100
anadolu rock,13145,581,103
anarcho-punk,11051,302,101
ancient mediterranean,19082,832,100
andalusian classical,17914,533,100
andean flute,12675,724,100
anglican liturgy,21767,136,100
animal singing,17967,832,100
anime,5555,414,109
anime cv,4909,473,101
anime drill,5731,1081,101
anime game,6174,384,100
anime latino,4617,551,101
anime lo-fi,12141,887,103
anime phonk,3001,903,102
anime piano,16657,646,101
anime rap,5923,1013,102
anime rock,3711,408,107
anime score,14733,454,104
animegrind,7743,183,100
ann arbor indie,11734,551,102
anthem,17095,443,100
anthem emo,4713,279,102
anthem worship,8272,294,102
anti-folk,13838,770,102
antideutsche,6290,781,102
antilliaanse folklore,13591,1009,100
antilliaanse rap,7347,1117,101
antiviral pop,6433,824,103
apostolic worship,11093,431,101
appalachian black metal,11149,73,100
appalachian folk,19095,957,100
appenzeller folk,15174,503,100
arab alternative,10387,739,101
arab electronic,2015,1126,102
arab experimental,13886,466,100
arab folk,18757,618,101
arab groove,11255,834,100
arab metal,6284,163,100
arab pop,9599,746,105
arab trap,3432,751,101
arabesk,13775,612,105
arabic hip hop,8978,1026,103
arabic instrumental,14525,573,100
arabic jazz,15705,726,101
argentine alternative rock,6628,506,102
argentine ambient,16173,325,101
argentine hardcore,10981,362,100
argentine heavy metal,8370,287,102
argentine hip hop,7384,1114,110
argentine indie,9193,655,104
argentine indie rock,7930,372,101
argentine jazz,17738,847,100
argentine metal,7780,264,100
argentine punk,8506,342,101
argentine reggae,5338,1040,103
argentine rock,9011,615,111
argentine telepop,6605,718,103
arizona punk,8309,331,100
arkansas country,16014,937,104
arkansas hip hop,6162,1132,101
arkansas indie,11931,517,100
arkansas metal,9684,196,100
armenian folk,14624,542,100
armenian hip hop,8915,1040,100
armenian indie,11710,528,100
armenian pop,7793,795,100
arpa grande,12240,943,100
arpa paraguaya,16072,915,100
arrocha,8462,961,116
arrochadeira,5085,1311,105
ars subtilior,22238,207,100
art pop,9611,599,117
art punk,10239,542,103
art rock,12934,521,110
art song,22074,431,100
arunachal indie,8236,872,101
asakaa,7950,1134,100
asbury park indie,10501,512,101
asheville indie,10892,694,101
asian american hip hop,6224,1036,102
asmr,15546,443,103
assamese hip hop,8273,973,100
assamese pop,12128,753,101
assyrian pop,7569,736,100
athens indie,10257,416,103
atl hip hop,4354,1062,117
atl trap,4702,1148,107
atlanta bass,2791,1182,101
atlanta indie,9737,414,102
atlanta metal,5978,201,101
atlanta punk,8632,296,101
atlantic canada hip hop,10071,1038,100
atmosphere,19345,52,102
atmospheric black metal,10342,50,101
atmospheric dnb,2948,851,101
atmospheric doom,10941,138,100
atmospheric post-metal,10806,167,100
atmospheric post-rock,11100,247,100
atmospheric sludge,10318,203,100
auckland indie,8186,460,102
audiophile vocal,17534,781,101
aussie drill,6866,1209,102
aussie emo,7472,302,101
aussietronica,3331,874,104
austin americana,12326,667,101
austin hip hop,9455,1017,100
austin metal,8565,198,100
austin rock,8552,341,100
austin singer-songwriter,13096,646,100
austindie,9500,495,102
australian alternative pop,7507,692,102
australian alternative rock,10133,410,102
australian ambient,15488,360,100
australian americana,12835,655,101
australian black metal,10636,73,100
australian blues,12872,783,100
australian children's music,13467,1064,102
australian choir,22024,174,100
australian classical,21681,366,100
australian classical piano,21852,517,100
australian comedy,15693,990,100
australian country,10093,713,102
australian dance,2762,839,108
australian death metal,8972,138,100
australian electropop,3870,767,104
australian experimental,13874,339,100
australian garage punk,8148,270,101
australian hardcore,10134,216,100
australian hip hop,5680,1026,106
australian house,1220,1191,103
australian indie,7335,533,104
australian indie folk,12634,627,103
australian indie rock,6952,429,101
australian indigenous hip hop,8335,1038,100
australian indigenous music,10588,670,101
australian jazz,18440,781,100
australian metal,8037,176,101
australian metalcore,4700,192,102
australian pop,6505,694,109
australian post-hardcore,3682,190,101
australian post-punk,10391,344,100
australian post-rock,11441,292,100
australian psych,9512,275,104
australian r&amp;b,7014,854,101
australian reggae fusion,9039,832,103
australian rock,9352,542,107
australian rockabilly,11667,639,100
australian shoegaze,8668,156,100
australian singer-songwriter,13983,556,101
australian ska,7768,731,100
australian surf rock,5431,364,103
australian talent show,8261,670,101
australian techno,1096,1186,100
australian thrash metal,9255,258,100
australian trap,8236,1047,102
australian underground hip hop,9755,1030,101
austrian black metal,9118,99,100
austrian choir,21681,260,100
austrian classical piano,22350,571,100
austrian contemporary classical,20176,386,100
austrian dnb,2042,957,100
austrian hip hop,10734,1005,100
austrian indie,8689,713,100
austrian jazz,17183,828,100
austrian metal,6641,207,100
austrian orchestra,21376,350,100
austrian pop,5974,765,102
austrian punk,5443,325,100
austrian stoner rock,9623,300,100
austrian techno,672,1223,100
austro-german modernism,21926,372,100
austropop,11329,832,103
auteur-compositeur-interprete quebecois,14971,729,101
autoharp,15337,703,100
autonomous black metal,11014,80,101
avant-garde,21267,356,101
avant-garde black metal,10098,106,100
avant-garde jazz,18206,729,101
avant-garde metal,10452,220,101
avant-rock,12498,471,100
axe,9076,899,106
azeri alternative,10477,593,100
azeri pop,7569,849,101
azeri rap,10508,1026,101
azeri traditional,16260,639,101
azonto,5706,1128,103
azontobeats,8714,1026,106
bachata,8026,1173,108
bachata dominicana,7521,1231,105
bachchon ke geet,10169,1224,100
background jazz,14921,883,104
background jazz product,14613,694,100
background music,18907,158,104
background piano,21730,499,105
backing track,4111,1005,100
baglama,16699,718,101
bagpipe,12946,201,100
bagpipe marching band,13416,291,100
bahai,7421,994,100
bahamian folk,17767,1114,100
bahamian pop,4683,1058,100
baiao,14897,845,101
baithak gana,9626,837,100
baja indie,7969,627,100
bajan soca,2557,1148,100
bajki,17341,797,101
bakersfield sound,14711,834,101
bal-musette,15233,1030,100
balafon,15851,1082,100
balalaika,18235,700,100
balearic,2116,1019,101
balfolk,14562,547,100
bali indie,8099,418,101
balikpapan indie,4763,429,100
balinese traditional,16832,726,100
balkan beats,4148,1015,101
balkan brass,9282,874,101
balkan classical piano,21963,443,100
balkan drill,6158,1005,100
balkan folk metal,7347,229,100
balkan hip hop,9152,1071,102
balkan post-punk,8285,519,100
balkan punk,8824,460,100
balkan trap,4922,1038,102
ballet class,18802,998,101
ballroom,12820,716,101
balochi folk,11440,915,100
balochi pop,10885,891,101
baltic black metal,9242,99,100
baltic choir,21852,111,100
baltic classical,21889,221,100
baltic classical piano,22560,469,100
baltic folk,11418,694,100
baltic post-punk,5348,512,100
baltimore hip hop,6023,1105,101
baltimore indie,10146,454,103
band organ,16163,542,100
banda,11092,994,118
banda carnavalera,12961,965,101
banda de viento,12887,1084,100
banda guanajuatense,12810,939,100
banda jalisciense,13237,1017,103
banda militar,18001,571,100
banda peruana,13603,925,100
banda sinaloense,13351,909,102
bandinhas,5437,923,102
bandolim,15106,990,100
bandoneon,20222,621,100
bandung indie,7261,416,102
bandura,18072,512,100
bangalore indie,9417,659,100
bangla gojol,19738,828,100
bangla pop,11771,744,101
bangladeshi hip hop,8890,1026,100
bangladeshi indie,9315,596,100
bangladeshi rock,7881,566,100
banjara pop,8639,913,100
banjo,16318,885,101
bansuri,19375,495,100
baoule,7447,1115,100
baps,16407,858,100
baptist gospel,18159,341,100
barbadian pop,3214,967,108
barbershop,18235,458,100
barcadi,1294,1340,101
bard,17212,881,100
bardcore,4645,821,100
barnalog,14625,1019,100
barnasogur,16628,1106,100
barnemusikk,13721,927,102
barnmusik,14896,1073,103
barnsagor,16949,1299,102
barockinterpreten,20480,337,100
baroque,20573,394,105
baroque brass,21169,464,100
baroque cello,20047,566,100
baroque ensemble,20468,298,100
baroque pop,13034,559,107
baroque singing,19007,412,100
baroque violin,20281,445,100
baroque woodwind,20690,441,100
barrelhouse piano,20485,1079,100
basel indie,8359,475,100
bases de freestyle,8964,1203,103
basque folk,15263,781,100
bass house,1502,1214,104
bass music,1552,1148,100
bass trap,3557,897,103
bass trip,7002,1002,100
basshall,4248,1121,103
bassline,2031,1177,102
batak,7755,544,101
bath indie,12068,497,100
batida,2776,1219,100
batidao romantico,5706,1196,103
baton rouge indie,10650,443,100
baton rouge rap,5413,1121,105
batswana traditional,10587,941,100
battle rap,10882,996,101
bay area hip hop,5236,1134,100
bay area indie,11502,484,102
bayerischer rap,8552,1108,101
bboy,3244,1094,102
bc underground hip hop,8753,1038,102
beach house,4496,955,101
beach music,9843,677,100
beat italiano,12363,481,101
beat poetry,18966,1004,100
beatboxing,5818,1051,100
beatdown,9971,331,100
beatlesque,10613,454,105
beats,3857,1119,100
bebop,19354,913,104
bedroom pop,9805,716,112
bedroom r&amp;b,7128,828,107
bedroom soul,9854,975,104
belarusian electronic,1146,1099,100
belarusian hip hop,8702,990,101
belarusian indie,6518,588,101
belarusian metal,6063,160,100
belarusian pop,5615,765,101
belarusian punk,7348,506,100
belarusian rock,6456,563,100
belfast indie,8812,362,100
belfast metal,8210,165,100
belgian black metal,10660,55,100
belgian blues,11255,716,100
belgian classical piano,22543,473,100
belgian contemporary classical,21194,456,100
belgian dance,1342,990,102
belgian death metal,7964,160,100
belgian dnb,1663,1135,101
belgian edm,2156,929,104
belgian electronic,2728,1017,100
belgian experimental,15082,464,100
belgian hardcore,10770,270,100
belgian hip hop,11328,1068,104
belgian indie,8999,526,102
belgian indie rock,8481,398,100
belgian jazz,18732,808,100
belgian metal,8197,174,100
belgian modern jazz,15237,713,100
belgian new wave,3666,777,100
belgian pop,6691,793,103
belgian post-rock,10724,327,100
belgian punk,5566,264,100
belgian rock,8910,607,102
belgian singer-songwriter,17254,736,101
belgian stoner rock,8644,194,100
belgian techno,570,1221,101
bells,20573,289,100
belly dance,8013,943,102
belo horizonte indie,10954,731,101
bemani,18673,71,100
benga,13261,1075,100
bengali folk,19024,736,100
beninese pop,10233,984,100
bergamo indie,7780,528,102
bergen indie,7768,554,101
berlin minimal techno,609,1304,100
berlin school,11161,392,100
bern indie,8424,703,100
bernu dziesmas,11317,905,100
bgm,17504,953,102
bhajan,14860,760,103
bhangra,5544,1009,102
bhojpuri folk,12166,819,100
bhojpuri pop,7186,790,104
bhutanese pop,12128,858,100
bible,17709,1332,100
big band,19608,935,101
big beat,2119,860,103
big room,2236,760,109
bikutsi,8966,1007,100
binaural,18352,104,106
birdsong,17563,187,100
birmingham grime,11228,1070,102
birmingham hip hop,12363,1051,101
birmingham indie,7568,433,100
birmingham metal,9920,192,104
birthday,7039,957,100
bisaya indie,9513,495,100
bisaya rap,8990,1094,100
bisaya worship,12462,533,100
bisrock,11044,618,100
bitpop,3302,633,102
black 'n' roll,9488,101,100
black americana,11618,763,104
black comedy,18878,1075,100
black death,11748,87,100
black metal,10538,85,102
black metal argentino,9081,140,100
black noise,12274,27,100
black punk,8693,396,101
black sludge,11213,147,100
black speed metal,9537,88,100
black thrash,10018,129,101
blackened crust,11428,40,100
blackened deathcore,6964,127,101
blackened hardcore,9843,88,100
blackened screamo,10391,203,100
blackgaze,9884,87,101
blaskapelle,19696,777,101
blasmusik,19462,808,101
bleakgaze,9180,120,100
bleep techno,2611,1075,101
bloco,9600,903,100
bluegrass,15287,834,102
bluegrass fiddle,15374,609,100
bluegrass gospel,15498,830,101
blues,17792,1000,104
blues band,11882,877,100
blues latinoamericano,11218,633,100
blues mexicano,13108,642,100
blues rock,14688,781,109
blues-rock guitar,11452,839,100
bmore,2623,1148,100
bodo pop,7656,763,100
boeremusiek,10861,830,100
bogor indie,6272,388,101
bohemian baroque,20797,333,100
bohol indie,8359,591,100
bolero,17316,860,108
bolero cubano,18147,889,101
bolero mexicano,18381,864,103
bolivian metal,7756,304,100
bolivian rock,6480,639,100
bolobedu house,2425,1194,101
bomba,5150,1128,100
bomba y plena,14835,1023,100
bongo flava,9418,1077,101
boogaloo,15094,1049,101
boogie,3013,1143,100
boogie-woogie,18352,1007,100
boom bap,11516,858,103
boom bap brasileiro,10686,1082,102
boom bap espanol,12874,1007,104
bornehistorier,16920,1106,100
borneo traditional,13825,856,100
bornesange,10506,1103,101
bosnian electronic,1330,1210,100
bosnian indie,7173,797,100
bosnian pop,8897,624,101
bossa nova,16844,828,106
bossa nova cover,12834,1092,104
bossa nova jazz,13249,925,100
bossbeat,4367,781,103
bosstown sound,13552,578,100
boston electronic,2338,1126,100
boston folk,14601,607,102
boston hardcore,11259,236,100
boston hip hop,8502,980,102
boston indie,10907,435,102
boston metal,9303,167,101
boston punk,10020,277,101
boston rock,10662,398,103
bothy ballad,19755,1060,100
botswana hip hop,11828,1049,100
botswana pop,9792,1005,100
bounce,3945,1134,101
bouncy house,1403,925,101
bouyon,4161,1108,100
bouzouki,15510,770,100
bow pop,14043,378,103
boy band,3653,718,111
boy pop,8546,777,101
boy soprano,21999,255,100
bozlak,17095,724,101
brain waves,17855,161,102
braindance,3478,961,101
brasilia indie,9527,667,100
brass band,14638,758,101
brass band brasileiro,11243,895,100
brass band pop,11766,864,100
brass ensemble,20748,492,100
brass quintet,21157,542,100
brazilian bass,1245,1263,101
brazilian black metal,10966,92,100
brazilian blues,10246,689,100
brazilian boogie,10920,903,101
brazilian ccm,12783,517,103
brazilian classical,20427,537,101
brazilian classical piano,22326,689,100
brazilian contemporary classical,20865,599,100
brazilian death metal,10733,165,100
brazilian dnb,1109,1132,100
brazilian doom metal,11392,127,100
brazilian edm,1465,1221,104
brazilian emo,7915,370,101
brazilian experimental,11330,646,100
brazilian gospel,11243,508,108
brazilian grindcore,11124,147,100
brazilian groove metal,10208,312,101
brazilian hardcore,8996,285,101
brazilian heavy metal,5529,212,100
brazilian hip hop,11377,1066,108
brazilian house,1269,1178,101
brazilian indie,9431,856,101
brazilian indie rock,9725,433,100
brazilian jazz,17370,851,102
brazilian lo-fi rock,10367,277,100
brazilian metal,8705,244,101
brazilian metalcore,4822,257,100
brazilian modern jazz,16452,830,100
brazilian percussion,12899,1040,100
brazilian post-hardcore,6014,317,100
brazilian post-rock,12252,368,100
brazilian power metal,5953,214,100
brazilian progressive metal,6555,220,101
brazilian punk,9908,350,101
brazilian punk rock,7903,321,101
brazilian reggae,8740,1009,105
brazilian rock,7956,596,108
brazilian rockabilly,9972,542,100
brazilian ska,5566,756,100
brazilian soul,10283,891,101
brazilian stoner rock,9033,287,100
brazilian surf rock,7694,400,100
brazilian tech house,307,1407,100
brazilian techno,653,1289,100
brazilian thrash metal,10036,268,101
breakbeat,1688,957,102
breakcore,4237,783,100
breaks,2002,1064,100
brega,8928,845,102
brega funk,4518,1275,102
brega paraense,4805,986,102
brega romantico,7533,881,102
brega saudade,7520,843,101
breton folk,14550,551,100
brighton indie,8137,454,103
brill building pop,15759,521,103
brisbane hip hop,7360,1041,100
brisbane indie,7383,374,101
brisbane punk,8751,313,100
bristol electronic,2765,1011,100
bristol indie,11081,418,101
brit funk,4793,947,101
britcore,2265,1134,100
british alternative rock,6358,313,102
british black metal,9831,92,100
british blues,12154,586,103
british brass band,21242,400,100
british children's music,12314,1064,101
british choir,21391,142,100
british classical piano,21364,466,100
british comedy,18381,1117,100
british contemporary classical,21425,306,101
british country,10895,549,101
british dance band,20602,817,100
british death metal,10867,138,100
british electroacoustic,18072,344,100
british experimental,13158,503,100
british folk,16565,777,103
british grindcore,11246,95,100
british indie rock,6407,400,103
british industrial,9181,568,100
british invasion,12646,642,109
british jazz,16540,736,101
british math rock,10806,427,100
british modern classical,21914,229,101
british orchestra,19258,251,101
british post-rock,11404,275,100
british power metal,4688,194,101
british singer-songwriter,15009,596,104
british soul,6791,847,109
british soundtrack,16598,266,104
britpop,6827,374,107
britpop revival,4997,268,101
brno indie,12265,604,100
broadway,18218,521,105
brockton hip hop,11980,1023,100
broken beat,2859,1097,100
broken transmission,11894,484,100
bronx drill,7559,1161,103
bronx hip hop,6273,1162,102
brooklyn drill,8076,1130,107
brooklyn indie,8546,447,107
brostep,2864,802,109
bruneian indie,8087,410,100
bruneian pop,8338,700,101
brutal death metal,10379,152,102
brutal deathcore,7408,176,101
bubble trance,1184,971,102
bubblegrunge,9537,388,105
bubblegum bass,5501,843,101
bubblegum dance,1505,919,103
bubblegum pop,14352,659,104
buffalo hip hop,10008,955,102
buffalo ny indie,12179,501,100
buffalo ny metal,10539,227,101
bulgarian electronic,738,1328,100
bulgarian experimental,12536,398,100
bulgarian folk,18644,362,100
bulgarian hip hop,4442,1125,101
bulgarian indie,8112,609,100
bulgarian metal,7249,255,100
bulgarian pop,4633,899,102
bulgarian r&amp;b,5896,984,100
bulgarian rock,8601,642,100
bulgarian trap,3025,1221,101
burkinabe pop,11541,1032,100
burkinabe traditional,15058,1097,100
burmese pop,8739,739,101
burmese traditional,20047,845,100
burundian pop,7630,1040,100
burundian traditional,14215,1162,100
bury st edmunds indie,10818,348,100
bush ballad,15534,927,100
byzantine,21583,245,100
c-pop,12884,554,104
c-pop girl group,4530,692,100
c64,3025,765,100
c86,8124,406,101
cabaret,21099,849,100
cajun,14676,802,100
calgary indie,11784,481,100
cali rap,7215,1101,107
california hardcore,11355,272,101
calming instrumental,18364,471,102
calypso,17095,837,101
cambodian pop,8952,788,101
cambodian rock,14660,528,100
cambodian traditional,19550,795,100
cambridge choir,21828,181,100
cambridgeshire indie,11796,462,101
cameroonian hip hop,11365,1053,100
cameroonian pop,11078,1011,100
campursari,8136,680,100
canadian americana,14478,609,102
canadian black metal,10006,64,100
canadian blues,12737,724,100
canadian ccm,7124,408,102
canadian celtic,13503,528,101
canadian children's music,14107,1062,101
canadian choir,22072,161,100
canadian classical,21145,255,101
canadian classical piano,21946,576,100
canadian comedy,19229,1097,100
canadian contemporary classical,21182,304,100
canadian contemporary country,5918,510,103
canadian contemporary r&amp;b,9481,795,113
canadian country,11646,609,103
canadian death metal,6991,160,100
canadian drill,6425,1110,100
canadian electronic,2177,986,103
canadian electropop,4179,751,102
canadian experimental,14740,249,100
canadian folk,13812,663,102
canadian garage rock,10415,386,101
canadian hardcore,9181,199,100
canadian hip hop,8790,1026,115
canadian house,1343,1268,101
canadian indie,9999,477,104
canadian indie folk,14390,510,101
canadian indigenous hip hop,5556,1088,100
canadian indigenous music,10475,724,100
canadian latin,4305,990,103
canadian metal,8122,232,104
canadian metalcore,5126,183,101
canadian modern jazz,17329,729,101
canadian old school hip hop,9381,1051,101
canadian pop,9390,646,122
canadian pop punk,4208,264,103
canadian post-hardcore,7584,196,101
canadian post-punk,6940,339,100
canadian post-rock,13141,302,100
canadian psychedelic,13195,571,100
canadian psychedelic rock,9550,300,100
canadian punk,7063,258,103
canadian rock,6124,400,106
canadian rockabilly,14390,680,100
canadian shoegaze,8407,163,100
canadian singer-songwriter,13750,599,105
canadian soundtrack,16160,209,102
canadian stoner rock,10648,176,100
canadian trap,5453,1071,105
canadian underground hip hop,11155,975,100
canberra indie,14119,1094,100
cancion infantil latinoamericana,13807,1030,102
cancion infantil mexicana,12289,1013,101
cancion melodica,16891,607,106
cancoes infantis,9866,1075,100
candombe,11378,969,100
candomble,17767,705,100
candy pop,4500,544,107
cantaditas,1713,917,100
cantautor,13996,763,108
cantautor catala,14625,689,100
cantautora argentina,13920,830,101
cantautora mexicana,9167,779,104
cante alentejano,20397,612,100
cante flamenco,19416,851,101
canterbury scene,13800,420,100
canti alpini,19258,433,100
canto a tenore,21011,554,100
canto popular uruguayo,17095,935,101
cantonese opera,16014,551,100
cantonese traditional,19533,360,100
cantonese worship,14599,473,100
cantopop,10425,615,105
canzone d'autore,15299,633,103
canzone genovese,17412,591,101
canzone napoletana,17546,526,102
canzone siciliane,9382,895,100
cape breton folk,16151,563,100
cape breton indie,10687,563,100
cape town indie,4496,804,101
cape verdean folk,13884,849,100
capoeira,14367,1073,100
caracas indie,6247,586,100
cardiff indie,10773,456,100
caribbean metal,9340,270,100
carimbo,7780,858,101
carnatic,19048,765,101
carnatic instrumental,17896,851,100
carnatic vocal,19667,724,101
carnaval,3127,828,102
carnaval cadiz,12191,837,101
carnaval limburg,7888,843,100
cartoni animati,5097,837,100
cartoon,11665,1203,104
cascadia psych,12998,439,100
cascadian black metal,11526,34,100
catalan folk,18016,786,100
cathedral choir,22036,71,100
caucasian classical,20965,342,100
caucasian classical piano,22363,508,100
caucasian folk,20517,325,100
cavernous death metal,11673,64,100
ccm,7174,346,111
cdmx indie,6766,554,101
cdo indie,7805,828,102
cedm,3887,697,101
ceilidh,13638,718,100
cello,14565,344,101
cello ensemble,21206,225,100
celtic,16102,501,103
celtic harp,20456,763,100
celtic metal,7445,203,102
celtic punk,7743,346,102
celtic rock,10956,439,104
central american metal,7976,277,100
central asian folk,18335,731,100
central asian hip hop,6501,1058,102
cerkes muzikleri,6372,758,100
ceske chvaly,10785,607,100
cha-cha-cha,16669,955,101
chaabi algerien,18004,734,100
chaabi marocain,10726,815,100
chabad niggunim,15430,604,100
chain punk,10416,129,100
chakma pop,7273,815,100
chakra,20193,95,100
chalga,3644,943,102
chamame,13913,1007,101
chamame brasilero,10307,911,100
chamber choir,22151,110,100
chamber ensemble,21279,348,100
chamber folk,17020,469,100
chamber orchestra,21133,321,100
chamber pop,13108,473,110
chamber psych,10048,515,101
chamorro pop,12018,858,100
champeta,3870,1134,101
channel islands indie,10773,576,101
channel pop,14120,748,102
chanson,16202,756,107
chanson humoristique,17592,1068,101
chanson paillarde,13782,1015,101
chanson quebecois,14414,633,101
chanson virale,8446,1004,101
chant basque,15058,573,100
chant religieux,19141,300,100
chaotic black metal,11502,103,100
chaotic hardcore,10929,152,101
chapman stick,14500,591,100
charanga,15534,1013,100
charango,14786,961,100
charlotte nc indie,9599,435,100
charlottesville indie,11622,526,100
charred death,7012,129,100
charva,3419,1084,103
chasidic pop,10195,604,100
chattanooga indie,10362,599,100
chechen pop,5551,874,100
chennai indie,7372,689,100
chhattisgarhi pop,10930,763,100
chicago blues,17504,1004,102
chicago bop,5224,965,103
chicago drill,6425,1005,105
chicago hardcore,9008,262,102
chicago house,828,1266,102
chicago indie,11527,517,103
chicago mexican,12104,939,100
chicago pop punk,5553,292,101
chicago punk,7621,319,102
chicago rap,6791,1011,114
chicago soul,15134,741,102
chicano punk,10146,362,100
chicano rap,4571,1143,104
chicha,11179,961,102
chihuahua indie,9819,703,102
children's choir,16115,547,101
children's folk,13844,1032,102
children's music,12524,1066,107
children's story,18001,851,101
chilean black metal,11161,85,100
chilean hardcore,5361,571,101
chilean indie,8613,650,102
chilean metal,9896,251,100
chilean rock,9468,741,104
chilean techno,1330,1013,100
chilena,12351,1079,102
chill abstract hip hop,11630,839,102
chill baile,3534,1123,100
chill beats,4248,979,101
chill breakcore,4688,537,102
chill dream pop,5480,380,102
chill drill,9593,1153,103
chill groove,3581,1055,100
chill guitar,18995,1152,102
chill house,6855,756,106
chill lounge,4682,899,102
chill out,8564,941,101
chill phonk,3010,770,103
chill pop,10714,781,104
chill r&amp;b,10499,860,105
chill-out trance,3594,630,100
chillhop,10969,1060,104
chillstep,6653,506,102
chillsynth,3945,736,102
chillwave,6296,599,104
chimurenga,12786,911,100
chinderlieder,14933,1177,101
chinese audiophile,14712,581,100
chinese bgm,17008,746,101
chinese black metal,8370,111,100
chinese classical,21291,329,100
chinese classical performance,21743,376,100
chinese classical piano,22309,471,100
chinese drama ost,10919,540,101
chinese electronic,5377,819,100
chinese electropop,5419,779,101
chinese experimental,11759,583,100
chinese folk,12142,479,100
chinese hip hop,6967,1007,101
chinese idol pop,5085,751,101
chinese indie,10907,530,102
chinese indie pop,6593,636,100
chinese indie rock,7918,471,101
chinese instrumental,17212,308,100
chinese jazz,14933,753,100
chinese manyao,4148,905,101
chinese melodic rap,6587,943,101
chinese metal,5063,287,100
chinese metalcore,3565,247,100
chinese minyao,13367,596,101
chinese new year,8790,703,100
chinese opera,22338,627,100
chinese post-punk,7436,392,100
chinese post-rock,11538,380,100
chinese punk,6780,414,100
chinese r&amp;b,8928,756,102
chinese reggae,4074,977,100
chinese singer-songwriter,10527,563,102
chinese soundtrack,15313,342,100
chinese talent show,8589,708,100
chinese traditional,19345,181,101
chinese viral pop,6879,813,104
chinese wind,20330,362,100
chinese worship,13738,429,100
chip hop,6953,874,100
chiptune,4939,591,102
chopped and screwed,6526,1071,101
choral,21864,147,101
choro,18235,901,100
choro contemporaneo,16774,979,100
christchurch indie,9586,469,101
christelijk,14080,412,101
christian a cappella,16611,431,100
christian afrobeat,7704,927,101
christian alternative rock,5816,392,108
christian dance,2249,774,100
christian death metal,6778,194,100
christian deathcore,6124,203,100
christian doom metal,10699,236,100
christian hard rock,4513,258,100
christian hardcore,9725,279,100
christian hip hop,8051,980,103
christian indie,11404,439,103
christian lo-fi,13299,935,101
christian metal,6840,287,102
christian metalcore,6223,194,102
christian music,7136,360,109
christian pop,6704,551,102
christian power metal,5541,210,100
christian punk,6965,392,101
christian rock,3899,287,104
christian symphonic metal,8098,207,100
christian thrash metal,8668,312,100
christian trap,8409,1005,102
christian uplift,10944,370,101
christlicher rap,9237,1030,100
christmas instrumental,17266,864,101
christmas product,14996,692,100
chutney,14860,813,104
cifteli,14601,739,100
cimbalom,17943,705,100
cimbalova muzika,20134,501,100
cincinnati indie,9020,394,100
cincinnati rap,6514,1060,101
cinematic dubstep,2104,1084,100
cinematic post-rock,11368,203,100
circassian folk,6704,705,100
circuit,801,1157,101
circus,14465,677,100
city pop,6148,793,101
clap and tap,18644,253,100
clarinet ensemble,19375,624,100
classic afrobeat,13274,1000,100
classic anime,7569,563,101
classic arab pop,14921,596,102
classic assamese pop,16102,734,100
classic australian country,14798,881,100
classic azeri pop,15517,544,100
classic bangla pop,16189,670,101
classic belgian pop,8638,724,101
classic bhangra,8728,980,101
classic bollywood,17388,689,107
classic bulgarian pop,10576,639,100
classic canadian rock,10514,517,104
classic cantopop,11442,624,102
classic city pop,7956,734,102
classic colombian pop,13794,1126,102
classic country pop,15448,772,106
classic czech pop,13850,624,101
classic danish pop,11555,774,102
classic danish rock,11783,612,100
classic disco polo,1946,1009,102
classic dubstep,2674,988,101
classic dutch pop,8509,705,100
classic female blues,21070,1032,100
classic finnish pop,14439,716,101
classic finnish rock,12265,686,101
classic french pop,10979,741,102
classic garage rock,12413,633,102
classic girl group,14095,703,103
classic greek pop,15398,736,101
classic greek rock,11710,633,101
classic hardstyle,2513,537,103
classic house,772,1223,102
classic hungarian pop,9155,748,100
classic hungarian rock,10982,506,100
classic icelandic pop,11796,736,101
classic indo pop,10338,563,102
classic indonesian rock,8224,479,104
classic iskelma,14132,711,102
classic israeli pop,13789,686,102
classic italian folk pop,11655,919,100
classic italian pop,14983,659,106
classic j-pop,4676,556,105
classic j-rock,7249,530,101
classic japanese jazz,14847,736,101
classic k-pop,4620,843,101
classic kollywood,17651,799,103
classic konkani pop,15535,779,100
classic korean pop,13713,469,100
classic latvian pop,14205,772,100
classic luk thung,13343,604,100
classic malaysian pop,10564,571,101
classic mandopop,13306,512,103
classic moroccan pop,13933,832,100
classic nepali pop,14925,447,101
classic norwegian pop,13884,689,101
classic nz country,15461,763,100
classic nz pop,11169,694,101
classic oklahoma country,15249,786,109
classic opm,13441,559,104
classic pakistani pop,14490,739,105
classic persian pop,15796,596,101
classic peruvian pop,14202,1047,102
classic polish pop,15225,741,101
classic portuguese pop,5818,832,101
classic praise,12947,497,102
classic progressive house,1851,992,101
classic psychedelic rock,13219,477,100
classic punjabi pop,13059,988,101
classic rock,13282,646,125
classic romanian pop,2805,984,100
classic russian pop,8651,821,102
classic russian rock,10664,703,102
classic schlager,10462,686,104
classic sierreno,13615,1060,102
classic sinhala pop,11679,834,101
classic soul,14736,802,109
classic soundtrack,18902,300,102
classic sudanese pop,13971,721,100
classic swedish pop,11193,686,104
classic texas country,12451,705,107
classic thai pop,8399,744,101
classic tollywood,11191,911,100
classic tunisian pop,16085,576,100
classic turkish pop,15324,581,102
classic uk pop,11906,716,102
classic ukrainian pop,14427,561,100
classic venezuelan pop,14070,943,102
classical,21730,380,110
classical accordion,19095,542,100
classical baritone,21632,431,100
classical bass,21987,404,100
classical bassoon,20602,416,100
classical cello,21864,302,100
classical clarinet,20310,683,100
classical contralto,22411,406,100
classical countertenor,21608,422,100
classical drill,21023,370,102
classical era,21693,462,104
classical flute,20865,414,100
classical guitar,21946,866,101
classical guitar duo,21508,965,100
classical guitar quartet,21420,996,100
classical harp,21596,639,100
classical horn,21486,374,100
classical jazz fusion,17353,777,100
classical mandolin,17914,1009,100
classical mezzo-soprano,21791,400,100
classical oboe,20188,376,100
classical organ,19901,52,100
classical percussion,19170,677,100
classical performance,21596,362,101
classical piano,22297,515,101
classical piano duo,21800,663,100
classical piano quartet,19621,386,100
classical piano trio,22268,378,100
classical saxophone,20427,358,100
classical saxophone quartet,21644,497,100
classical soprano,22110,341,100
classical string trio,21840,380,100
classical tenor,21730,264,101
classical trombone,20936,441,100
classical trumpet,18686,576,100
classical tuba,21474,501,100
classify,17797,837,103
clawhammer banjo,17154,921,100
clean comedy,18790,984,101
cleveland indie,9774,333,100
cleveland metal,8984,218,100
cloud rap,8664,866,111
cloud rap francais,11315,1047,105
coco,12116,1030,100
cocuk masallari,16832,1075,100
cocuk sarkilari,15897,604,101
coldwave,4734,566,100
collage pop,10736,566,101
college a cappella,13959,528,100
college marching band,17709,700,100
cologne electronic,2481,1099,100
cologne hip hop,9394,1075,101
cologne indie,6803,586,102
colombian black metal,10978,94,100
colombian death metal,11063,161,100
colombian electronic,1405,1071,100
colombian hardcore,7988,291,100
colombian hip hop,8151,1099,103
colombian indie,7090,797,101
colombian pop,4479,1009,115
colombian rock,6493,692,101
color noise,17417,40,107
colorado hardcore,9218,231,100
columbus ohio indie,10760,508,100
combos nacionales,11640,1112,100
comedia,19053,1144,100
comedie musicale,8485,630,101
comedienne,19696,1112,100
comedy,19638,1004,102
comedy rap,7228,1135,102
comedy rock,15546,1171,101
comfy synth,13983,354,100
comic,14502,961,104
comic metal,5951,435,103
commons,12909,503,101
complextro,2731,783,105
compositional ambient,20317,366,107
comptine,13578,953,101
comptine africaine,13442,1166,100
concepcion indie,8861,404,102
concert band,21048,368,100
concertina,18323,945,100
concurso de talentos argentino,11605,677,101
congolese gospel,11130,744,101
connecticut hardcore,9364,292,101
connecticut indie,11722,466,100
conscious hip hop,10057,1041,112
contemporary choir,22085,113,100
contemporary classical,21803,329,102
contemporary classical piano,21376,581,100
contemporary country,6852,554,120
contemporary folk,15722,779,100
contemporary gospel,11722,670,101
contemporary jazz,17315,642,102
contemporary post-bop,19170,883,103
contemporary r&amp;b,5022,929,109
contemporary vocal jazz,17303,802,104
contra dance,15821,697,100
contrabass,21230,488,100
convent,22122,156,100
cook islands pop,5693,927,100
cool jazz,19328,860,103
copla,19930,786,101
coptic hymn,17943,503,100
coral gospel,12623,388,101
cork indie,12548,488,100
cornetas y tambores,18890,515,100
cornish folk,17592,795,100
cornwall indie,11392,460,100
corrido,13324,1062,122
corridos adictivos,13504,992,100
corridos alternativos,13071,1082,104
corridos belicos,12798,957,101
corridos clasicos,13603,1056,103
corridos cristianos,12154,971,101
corridos tumbados,13363,1009,118
corrosion,3912,287,101
corsican folk,16640,479,100
cosmic american,14749,667,102
cosmic black metal,10489,43,100
cosmic death metal,10502,138,100
cosmic post-rock,10794,220,100
cosmic uplifting trance,1008,601,100
country,12934,729,118
country blues,20193,1092,101
country boogie,17897,1041,100
country dawn,10957,578,106
country gospel,17329,893,101
country pop,6394,537,105
country quebecois,10552,615,101
country rap,4620,945,105
country road,7385,563,115
country rock,13862,680,110
countrygaze,13763,466,104
coupe-decale,5313,1043,101
coventry indie,4822,547,100
cover acustico,13590,897,101
coverchill,13957,893,105
covertrance,2572,806,100
covertronica,3013,856,104
cowboy western,17241,860,102
cowpunk,10232,433,101
crack rock steady,10024,402,100
crank wave,7423,466,103
cristiana para ninos,10105,813,101
croatian electronic,365,1178,100
croatian folk,16026,515,100
croatian hip hop,7261,1040,100
croatian indie,8751,604,100
croatian metal,5468,285,100
croatian pop,10386,581,102
croatian rock,7606,609,101
crossover prog,9933,325,100
crossover thrash,10855,240,101
cruise,6854,1173,100
crunk,4124,1121,104
crust punk,10575,198,101
cryptic black metal,10685,19,100
cuarteto,7090,927,105
cuatro puertorriqueno,14156,986,100
cuatro venezolano,15442,1005,101
cuban alternative,12624,1002,101
cuban electronic,1929,953,100
cuban funk,14736,1002,100
cuban rumba,16628,986,101
cubaton,4342,1084,103
cueca chilena,12998,760,101
cuento infantile,17709,1200,100
cumbia,11440,1141,104
cumbia 420,3916,1296,104
cumbia amazonica,12129,979,101
cumbia andina mexicana,10208,1021,101
cumbia boliviana,7396,937,101
cumbia chilena,7298,927,103
cumbia colombiana regia,9319,1126,101
cumbia cristiana,10722,1000,100
cumbia del sureste,6879,1119,102
cumbia ecuatoriana,11754,1062,101
cumbia editada,2594,1203,101
cumbia funk,13010,1026,100
cumbia lagunera,8001,1126,101
cumbia paraguaya,5506,1088,102
cumbia peruana,8613,951,103
cumbia pop,6412,1075,106
cumbia ranchera,5668,955,102
cumbia salvadorena,8483,1193,101
cumbia santafesina,10623,897,102
cumbia sonidera,4951,1099,106
cumbia sonorense,12685,1071,102
cumbia surena,7707,795,101
cumbia uruguaya,11766,979,101
cumbia villera,9668,1011,106
cyber metal,2878,216,100
cybergrind,8742,236,100
cyberpunk,3828,447,102
cymraeg,13838,621,100
cypriot hip hop,10611,980,100
cypriot metal,6505,190,100
cypriot pop,10798,692,101
czech alternative rap,8421,998,100
czech classical,22086,291,101
czech classical piano,22589,441,100
czech contemporary classical,21109,342,100
czech country,13908,713,100
czech drill,6779,1094,102
czech electronic,2499,1028,100
czech experimental,12869,380,100
czech folk,14503,716,101
czech folk rock,11881,726,100
czech hardcore,5651,325,100
czech hip hop,6278,1045,104
czech indie,9011,528,100
czech jazz,17504,751,100
czech metal,6382,264,100
czech pop,10489,612,104
czech pop rock,5172,599,101
czech psychedelic,10956,313,100
czech punk,7323,447,101
czech rock,9856,573,103
czech singer-songwriter,15473,799,101
czech swing,20480,837,100
czsk black metal,9316,88,100
czsk electropop,5513,845,100
czsk emo rap,6779,977,101
czsk hip hop,7140,1028,105
czsk hyperpop,5435,810,100
czsk reggae,6023,1007,100
czsk viral pop,5301,1023,101
d-beat,10587,76,100
dabke,11808,724,101
dainuojamoji poezija,13813,774,100
dakke dak,2484,1017,101
dalarna indie,10245,427,101
dallas indie,9169,469,100
dambora,15082,1002,100
dance pop,3478,862,131
dance rock,2878,705,110
dance-punk,3565,639,104
dancefloor dnb,2002,609,104
dancehall,9767,1114,107
dancehall chileno,5960,1135,100
dancehall colombiano,4766,1205,100
dancehall guyanaise,8804,1108,100
dancehall mauricien,4505,1242,100
dancehall queen,9139,1139,102
dangdut,7668,677,105
dangdut koplo,6766,813,104
dangdut remix,3532,973,101
danish alternative rock,8620,354,101
danish black metal,11173,38,100
danish choir,21901,203,100
danish classical,22074,312,100
danish contemporary classical,21413,331,100
danish death metal,6690,149,100
danish electro,1929,760,100
danish electronic,1863,1026,102
danish electropop,5063,830,101
danish experimental,13812,410,100
danish folk,16745,583,100
danish hardcore,8909,145,100
danish hip hop,6602,1062,104
danish indie,9291,556,101
danish indie pop,11982,510,101
danish jazz,17780,731,101
danish metal,6444,181,102
danish modern jazz,15386,777,101
danish pop,5632,887,106
danish pop rock,7582,758,102
danish post-punk,8358,279,100
danish punk,8923,335,100
danish rock,5887,352,102
danish singer-songwriter,13564,547,100
danish techno,1564,1137,100
dansband,7436,601,102
danseband,7906,636,101
dansei seiyu,4530,481,100
dansk comedy,16482,1115,100
dansk lovsang,11634,573,100
dansktop,12388,765,101
danspunk,7968,765,102
danzon,15809,990,100
darbuka,5744,1130,100
dariacore,4734,703,101
dark ambient,13796,260,100
dark black metal,10709,34,100
dark cabaret,12697,549,101
dark clubbing,2221,751,102
dark disco,853,1240,101
dark electro,1300,683,100
dark electro-industrial,1797,561,100
dark folk,15459,370,100
dark hardcore,2265,406,101
dark jazz,13947,370,100
dark minimal techno,541,1166,100
dark plugg,7631,911,102
dark pop,10202,533,103
dark post-punk,2440,408,101
dark progressive house,438,1233,100
dark psytrance,804,872,100
dark r&amp;b,7618,729,106
dark rock,4099,298,101
dark synthpop,2162,556,102
dark techno,307,1223,102
dark trap,4354,973,110
dark wave,4471,443,101
darkstep,1987,808,100
darksynth,2542,452,101
dayton indie,10843,366,101
dc hardcore,10904,339,101
dc indie,9414,510,100
death 'n' roll,10073,176,100
death doom,10551,74,100
death industrial,12899,104,100
death metal,10465,156,104
deathcore,6567,209,103
deathgrass,12500,549,101
deathgrind,10746,136,101
deathrash,9512,205,101
deathrock,6407,317,100
deathstep,4237,604,101
deboxe,5815,1349,103
dechovka,19258,810,100
decije pesme,10296,1047,100
deconstructed club,8702,596,101
deep acoustic pop,11479,530,100
deep active rock,3607,236,100
deep adult standards,18352,686,100
deep ambient,17137,117,100
deep big room,2718,542,100
deep brazilian pop,15988,847,100
deep breakcore,4509,767,100
deep ccm,11551,304,104
deep chill,4123,949,101
deep chill-out,5261,854,100
deep christian rock,9131,566,100
deep classic garage rock,13047,563,100
deep comedy,19533,1062,101
deep contemporary country,10325,639,100
deep dance pop,3957,763,100
deep darkpsy,1037,821,100
deep deep house,597,1379,100
deep deep tech house,536,1386,100
deep delta blues,21216,891,100
deep disco,4396,1047,100
deep disco house,621,1340,102
deep discofox,2060,817,100
deep dnb,1876,1099,101
deep downtempo fusion,5101,1026,100
deep dubstep,2526,1086,100
deep east coast hip hop,7398,1101,100
deep euro house,945,1275,104
deep eurodance,2601,949,100
deep filthstep,2623,726,100
deep flow,7435,1019,100
deep folk metal,7212,192,100
deep free jazz,18732,659,100
deep freestyle,2228,986,100
deep full on,701,915,100
deep funk,9418,957,100
deep funk house,424,1389,100
deep funk ostentacao,6604,1284,100
deep g funk,4834,1168,100
deep german hip hop,9139,980,102
deep german indie,8249,593,101
deep german punk,7310,341,100
deep gothic post-punk,4396,341,100
deep groove house,1453,1150,103
deep happy hardcore,1630,765,100
deep hardcore,1870,856,100
deep hardcore punk,10758,362,100
deep hardtechno,921,758,100
deep house,1121,1226,105
deep idm,6175,826,100
deep indie pop,11747,460,100
deep indie rock,7606,484,100
deep indie singer-songwriter,12363,612,100
deep italo disco,6842,959,100
deep jazz fusion,12203,724,100
deep latin alternative,8298,718,100
deep latin christian,12699,697,102
deep latin jazz,14613,921,100
deep liquid,1417,872,100
deep liquid bass,1826,1105,100
deep melodic death metal,4383,220,100
deep melodic hard rock,6952,260,100
deep melodic metalcore,6629,268,100
deep metalcore,3924,227,100
deep minimal techno,219,1372,101
deep motown,15058,734,100
deep neo-synthpop,1388,703,100
deep neofolk,13294,471,100
deep new americana,12117,593,101
deep new wave,3156,694,100
deep norteno,10697,973,100
deep northern soul,10967,788,100
deep orgcore,10061,242,100
deep pop edm,2596,815,102
deep pop emo,5803,308,100
deep power-pop punk,9303,308,100
deep progressive house,351,1240,100
deep progressive rock,9574,296,100
deep progressive trance,1373,854,100
deep psychobilly,10097,492,100
deep psytrance,1282,1125,100
deep punk rock,10687,400,100
deep r&amp;b,3916,986,100
deep ragga,5680,1193,100
deep rai,5880,847,101
deep smooth jazz,8088,941,101
deep smooth r&amp;b,8716,913,100
deep soft rock,9957,731,100
deep soul house,1404,1221,100
deep soundtrack,17300,212,100
deep southern soul,12998,864,100
deep southern trap,4822,1073,100
deep space rock,10232,289,100
deep sunset lounge,7718,646,100
deep surf music,11759,454,100
deep swedish rock,7248,384,100
deep symphonic black metal,10563,67,100
deep talent show,9819,544,101
deep tech house,190,1360,101
deep techno,902,1256,100
deep tropical house,2752,967,103
deep turkish pop,5009,862,102
deep underground hip hop,7900,1073,105
deep uplifting trance,1642,758,100
deep vocal house,1564,933,100
deep vocal jazz,18919,839,100
delaware indie,8518,372,100
delta blues,19988,1101,101
dembow,4997,1245,104
dembow dominicano,7679,1268,102
demoscene,4454,765,100
dennery segment,4806,1134,100
denpa-kei,2776,526,101
denton tx indie,10501,396,100
denver indie,10662,484,100
denver metal,8061,172,100
denver rap,7584,1002,100
depressive black metal,11234,66,101
derby indie,9194,427,100
derry indie,11808,479,100
desert blues,12823,921,101
desi emo rap,11840,1053,102
desi hip hop,6488,1056,111
desi pop,9243,813,112
desi trap,7117,1090,104
dessin anime,9831,703,100
destroy techno,1688,1132,100
detroit hip hop,9970,1049,110
detroit house,1048,1266,100
detroit indie,7854,556,100
detroit rock,11005,384,103
detroit techno,1367,1193,100
detroit trap,5768,1051,104
detroit trap brasileiro,6324,1103,102
detroit trap en espanol,6174,1030,100
detske pesnicky,12648,1041,100
detske pisnicky,15780,1004,100
detski pesnichki,12537,982,100
detskie pesni,13047,1077,100
detskie rasskazy,19696,1261,100
deutschrock,5678,356,101
devon indie,10214,533,100
dfw rap,5581,1097,108
dhrupad,19024,471,100
dicsoites,11280,547,100
didgeridoo,10942,756,100
digital hardcore,3741,416,102
dikir barat,6487,887,100
dinner jazz,15839,1026,103
dirty south rap,5026,1088,109
dirty texas rap,5631,1110,100
disco,8690,881,109
disco house,1121,1112,104
disco polo,1208,1123,101
discofox,1914,826,102
dissonant death metal,11685,94,100
diva house,1492,1073,103
dixieland,19521,1028,102
diy emo,8025,341,101
diy pop punk,6309,327,100
dizi,17943,418,100
djecje pjesme,9768,802,100
djembe,15605,1252,100
djent,5602,232,103
dmv rap,7584,1086,101
dogri pop,8335,854,100
dombra,16540,992,100
dominican indie,7433,881,100
dominican pop,9076,988,101
dong-yo,11667,1051,101
doo-wop,15361,700,103
doom metal,10892,149,101
doomcore,2463,561,100
doomgaze,10042,88,101
dortmund indie,4964,501,100
double drumming,11246,358,101
doujin,4325,544,101
downtempo,4888,802,107
downtempo bass,4220,923,101
downtempo deathcore,6715,249,101
downtempo fusion,5671,680,100
draaiorgel,15220,655,100
draga,2951,1000,101
dragspel,15171,813,100
drain,7805,596,101
drama,16511,1377,100
dream plugg,7656,847,102
dream pop,10178,337,108
dream trance,1158,1051,101
dreamgaze,7261,188,101
dreamo,6530,274,105
dreampunk,13238,266,101
dresden indie,10109,486,100
drift,19871,41,101
drift phonk,2339,939,107
drikkelek,2835,1028,100
drill,6061,979,105
drill and bass,5289,810,101
drill beats,2618,1217,100
drill brasileiro,9805,1058,101
drill chileno,6577,1094,102
drill dominicano,8841,1166,100
drill espanol,8297,1134,105
drill francais,6564,1152,105
drill italiana,8902,1017,102
drill tuga,10599,1125,100
drone,16745,194,102
drone ambient,19287,29,100
drone folk,17400,578,100
drone metal,11661,120,101
drone psych,13479,535,100
drone rock,13092,127,100
dronescape,17358,40,100
drum and bass,1739,862,104
drumfunk,2315,957,100
drumless hip hop,11167,824,103
dub,6300,1258,102
dub brasileiro,3547,1159,100
dub metal,8644,335,100
dub poetry,8152,1237,100
dub product,5718,1296,100
dub punk,6331,817,100
dub reggae,1593,1219,100
dub techno,2951,1058,100
dublin indie,9340,422,101
dubstep,4383,772,103
dubstep product,2382,837,100
dubsteppe,1318,1152,100
duduk,16628,390,100
duhovne pjesme,11970,471,100
duluth indie,14032,499,100
dundee indie,10060,392,100
dunedin indie,12191,456,100
dunedin sound,10513,408,100
dungeon rap,4466,783,100
dungeon synth,13267,145,101
duranguense,8953,992,103
dusseldorf electronic,2411,1132,101
dusseldorf indie,6321,604,100
dutch americana,13121,586,101
dutch baroque,21352,289,100
dutch black metal,10110,31,100
dutch blues,12474,593,100
dutch cabaret,16436,909,102
dutch classical piano,21864,528,100
dutch contemporary classical,20714,402,100
dutch death metal,10330,138,100
dutch dnb,2253,925,101
dutch drill,7017,1152,101
dutch edm,1999,868,106
dutch experimental,15663,342,100
dutch experimental electronic,4596,885,100
dutch folk,16010,760,100
dutch hip hop,6903,1123,106
dutch house,2339,832,108
dutch idol pop,7249,753,100
dutch indie,11031,547,102
dutch indie rock,8444,441,101
dutch jazz,17154,697,100
dutch metal,8431,188,102
dutch moombahton,2922,1214,100
dutch musical,14672,563,100
dutch pop,9749,708,106
dutch prog,12154,503,100
dutch punk,8224,313,100
dutch punk rock,5928,292,100
dutch r&amp;b,8540,939,101
dutch rap pop,6829,1150,104
dutch rock,10313,551,104
dutch singer-songwriter,14278,721,101
dutch stoner rock,10917,214,100
dutch tech house,584,1347,101
dutch trance,2309,716,103
dutch trap,7839,1132,101
dutch underground hip hop,11889,1004,100
dweilorkest,14229,756,100
dytyachi pisni,8211,883,100
early american folk,18089,808,100
early avant garde,21683,767,101
early french punk,7544,519,100
early modern classical,21889,370,103
early music,20660,388,105
early music choir,22060,95,100
early music ensemble,21230,327,101
early reggae,9028,1200,101
early romantic era,22061,447,104
early synthpop,2893,837,101
early us punk,10699,394,102
east anglia indie,8457,394,100
east coast hip hop,7975,1112,112
east coast reggae,7950,1004,101
eastern bloc groove,14291,633,100
easy listening,18744,519,108
easycore,3653,258,102
eau claire indie,13837,456,102
ebm,1826,680,101
ecm-style jazz,18995,593,101
ectofolk,14192,624,104
ecuadorian alternative rock,7841,526,100
ecuadorian indie,8174,700,101
ecuadorian pop,8372,975,101
edinburgh indie,8112,422,100
edinburgh metal,9352,178,100
edm,2647,767,121
edmonton indie,9465,554,104
edo old school,11938,1086,100
egg punk,8026,464,101
egyptian alternative,9969,705,102
egyptian hip hop,11852,1009,102
egyptian pop,7285,858,105
egyptian traditional,16940,837,100
egyptian trap,10660,998,102
el paso indie,9157,360,105
electra,5202,885,104
electric bass,15547,806,101
electric blues,15634,887,105
electro,1675,1148,104
electro bailando,2715,1077,101
electro dub,2701,1023,101
electro house,2180,839,113
electro jazz,4670,971,101
electro latino,2513,1041,105
electro swing,2937,1123,102
electro trash,2088,923,101
electro-industrial,1593,646,101
electro-pop francais,5588,877,102
electroacoustic composition,18469,374,100
electroacoustic improvisation,16318,384,100
electroclash,1914,953,101
electrofox,2265,877,102
electronic djent,4676,285,101
electronic rock,2425,618,102
electronic trap,3519,858,105
electronica,4483,817,108
electronica argentina,5933,744,103
electronica chilena,2847,1090,100
electronica cristiana,2791,765,100
electronica peruana,921,1364,100
electronica venezuela,336,1397,100
electronicore,4179,210,100
electropop,5199,781,109
electropowerpop,3068,559,102
elektropunk,3582,885,101
elephant 6,11624,449,101
eletronica underground brasileira,2177,1141,100
emo,7485,333,108
emo mexicano,6210,339,101
emo punk,10337,339,100
emo rap,6791,758,109
emo rap italiano,6941,808,102
emo trap en espanol,5945,772,101
emo trap italiana,6965,806,100
emocore,10349,390,100
emoplugg,5128,607,101
emotional black metal,9981,45,100
emoviolence,11514,138,100
english baroque,20727,402,101
english indie rock,5569,380,103
english renaissance,21718,333,100
enka,14991,427,101
entehno,15095,607,102
environmental,17154,43,105
epa dunk,2553,923,101
epic black metal,8540,57,100
epic collage,12783,370,100
epic doom,11027,145,100
epicore,8595,319,104
epunk,8824,366,100
er ge,11901,990,100
erhu,19462,270,100
eritrean pop,10550,856,100
erotic product,18527,214,100
erotica,12092,799,100
erotik,16774,1381,100
escape room,5526,883,107
esperanto,11643,790,100
essex indie,7670,490,100
estonian electronic,3828,919,100
estonian folk,13920,670,100
estonian hip hop,6199,967,101
estonian indie,10121,479,100
estonian jazz,16932,683,100
estonian metal,5334,279,100
estonian pop,6568,713,101
estonian rock,12474,441,100
ethereal gothic,6198,447,100
ethereal wave,10257,289,102
etherpop,10398,512,104
ethio-jazz,13776,756,101
ethiopian hip hop,8515,1097,100
ethiopian pop,8778,864,101
ethiopian traditional,19475,864,100
ethnomusicology,18440,917,100
ethnotronica,1453,1285,101
eugene indie,11430,492,100
euphonium,21206,456,100
euphoric hardstyle,2747,477,103
euro hi-nrg,1067,913,100
eurobeat,1885,583,101
eurodance,1534,917,108
europop,2922,786,110
euroska,6304,907,100
euskal indie,6481,528,100
euskal metal,5815,281,100
euskal musica,12897,556,101
euskal reggae,4775,965,100
euskal rock,8346,512,101
eventyr,15809,1273,100
exotica,17241,650,100
experimental,14587,519,102
experimental ambient,15751,294,101
experimental bass,4645,957,101
experimental big band,16306,542,100
experimental black metal,11465,127,100
experimental classical,19521,218,101
experimental club,4751,907,100
experimental dub,4342,957,100
experimental dubstep,1294,1071,100
experimental electronic,8199,718,100
experimental folk,16114,348,101
experimental guitar,17271,540,100
experimental hip hop,10601,760,103
experimental house,2387,1084,100
experimental indie,11869,646,100
experimental indie rock,12449,477,100
experimental jazz,13084,581,100
experimental percussion,15249,561,100
experimental poetry,17358,947,100
experimental pop,11609,535,104
experimental psych,15722,274,100
experimental r&amp;b,10044,746,103
experimental rock,12599,449,102
experimental synth,13971,388,100
experimental techno,2651,979,100
experimental vocal,15119,490,101
extratone,4325,452,100
fado,17797,726,101
fado antigo,20322,734,100
fado de coimbra,20602,697,100
fado instrumental,17291,758,100
fake,6488,1007,100
fallen angel,5639,218,101
family gospel,13515,537,101
fan chant,18878,412,100
fantasy,14439,335,101
fantasy metal,5688,176,102
faroese folk,16832,591,100
faroese indie,12795,510,100
faroese jazz,16394,677,100
faroese pop,13022,561,100
faroese rock,6469,325,100
fast melodic punk,5854,266,100
festigal,7286,621,100
fictitious orchestra,20544,404,100
fidget house,1700,1126,101
field recording,17417,258,100
fife and drum,13660,1071,100
fijian pop,6500,977,100
filmi,15070,772,124
filter house,1973,982,105
filthstep,3185,736,102
fingerstyle,18030,969,101
finlandssvenska musik,9869,609,100
finnish alternative rock,5143,339,101
finnish black metal,9549,47,100
finnish blues,11455,624,100
finnish choir,22180,158,100
finnish classical,22036,198,101
finnish contemporary classical,21816,185,100
finnish dance pop,4413,866,103
finnish death metal,6027,127,101
finnish doom metal,9969,124,100
finnish drill,4518,1139,101
finnish edm,1654,795,101
finnish electro,3385,795,100
finnish electronic,3448,961,100
finnish experimental,11343,588,100
finnish folk,14847,524,100
finnish hard rock,4939,274,101
finnish hardcore,10746,249,100
finnish heavy metal,4646,227,101
finnish hip hop,5935,1021,104
finnish idol pop,8775,508,100
finnish indie,8650,621,101
finnish jazz,14909,646,100
finnish melodeath,4759,131,101
finnish metal,5063,179,102
finnish metalcore,2951,179,100
finnish modern jazz,15584,621,100
finnish new wave,9751,540,100
finnish pop,5729,670,104
finnish pop punk,6112,339,100
finnish post-punk,7670,306,100
finnish power metal,4537,210,102
finnish progressive metal,5790,190,100
finnish progressive rock,12105,384,100
finnish psychedelic rock,11514,238,100
finnish punk,9587,337,101
finnish reggae,5375,1099,100
finnish rockabilly,10489,689,100
finnish soul,10159,758,100
finnish tango,16757,549,100
finnish techno,1651,1071,100
finnish trap,4086,1075,101
finnish worship,9157,599,100
firenze indie,8595,481,100
fisarmonica,12772,1011,100
flamenco,17943,903,102
flamenco fusion,9619,963,101
flamenco guitar,18043,935,101
flamenco urbano,7067,1045,105
flashcore,5611,627,100
flemish folk,13527,751,100
flick hop,8285,959,100
flint hip hop,7422,1058,101
float house,1768,1148,103
florida death metal,11296,183,101
florida drill,5904,1153,105
florida hardcore,11112,283,100
florida rap,6187,1137,107
flute rock,13035,422,101
fluxwork,7943,721,101
fo jing,14477,376,100
focus,18556,398,103
focus beats,13148,1015,102
focus trance,263,1278,100
fogo pentecostal,9218,716,101
folclor afrocolombiano,12784,1094,101
folclor colombiano,13351,1092,101
folclore castilla y leon,15485,806,100
folclore extremeno,13652,885,100
folclore jujeno,14637,917,100
folclore navarra,18856,808,100
folclore portugues,12761,781,100
folclore salteno,16172,975,101
folclore santiagueno,14699,963,101
folclore tucumano,17680,907,101
folk,15717,741,109
folk black metal,8515,115,100
folk brasileiro,12054,721,103
folk cantabria,15722,627,100
folk metal,6002,194,102
folk metal latinoamericano,8776,242,100
folk punk,12909,581,102
folk rock,14550,650,112
folk rock italiano,14254,716,102
folk siciliana,12971,781,100
folk-pop,11056,583,109
folklore argentino,16465,933,103
folklore boliviano,13323,897,101
folklore chileno,14774,897,100
folklore cuyano,16423,1011,100
folklore ecuatoriano,15517,1126,101
folklore nuevo argentino,14601,897,101
folklore panameno,15033,951,100
folklore paraguayo,14107,891,101
folklore peruano,14810,939,101
folklore quebecois,15008,1002,100
folklore surero,20176,1086,101
folklore uruguayo,17446,971,100
folklore venezolano,15926,947,100
folklore veracruzano,15985,986,100
folkmusik,17358,561,101
folktronica,11491,646,102
football,13862,591,101
footwork,2599,1119,100
forest black metal,11416,50,100
forest psy,336,1004,100
forro,7729,965,109
forro de favela,8690,941,102
forro gospel,7716,911,101
forro instrumental,10800,864,100
forro manauara,11341,1157,100
forro tradicional,10907,917,101
fort wayne indie,10158,484,100
fort worth indie,7631,431,100
fotbollslatar,8766,788,102
fourth world,16248,386,102
frafra,10096,1144,100
franco-flemish school,22110,143,100
frankfurt electronic,789,1235,101
frankfurt indie,7063,394,100
frauenrap,7104,1148,103
freak folk,14980,506,101
freakbeat,12611,530,100
free folk,17504,337,100
free improvisation,18130,586,100
free jazz,18323,718,101
freeform hardcore,1812,700,100
freestyle,2302,992,102
fremantle indie,7519,624,101
french baroque,20439,329,101
french black metal,10477,43,100
french classical piano,22375,508,100
french contemporary classical,20772,294,100
french death metal,8491,167,101
french dnb,2104,949,100
french dub,2777,1023,101
french emo,10624,174,100
french experimental rock,12326,486,100
french folk,17884,841,100
french folk pop,10685,901,101
french garage rock,7842,323,100
french hardcore,7657,207,100
french hip hop,10918,1073,116
french indie folk,12215,686,101
french indie pop,6343,774,105
french indietronica,4657,810,104
french jazz,18732,971,101
french metal,7383,212,101
french movie tunes,14540,741,101
french oi,6879,394,100
french opera,21510,360,102
french orchestra,20977,313,100
french pop,9855,711,109
french post-punk,7618,802,100
french post-rock,9749,255,100
french psychedelic,7087,486,101
french punk,6591,400,101
french reggae,8878,1041,102
french renaissance,21401,342,100
french rock,11378,819,105
french rock-and-roll,14811,686,100
french rockabilly,12573,694,100
french romanticism,21877,296,102
french shoegaze,8309,185,102
french soundtrack,17534,350,102
french stoner rock,10354,220,100
french synthpop,5319,607,103
french tech house,248,1386,102
french techno,760,1203,102
french worship,12019,486,101
frenchcore,2922,568,102
frevo,12773,813,100
friese muziek,11759,734,100
fuji,12846,1092,100
full on,731,1007,101
full on groove,614,1051,100
funana,3522,1106,101
funeral doom,11357,50,100
funk,9793,919,108
funk 150 bpm,7167,1299,103
funk bh,11017,1273,104
funk capixaba,6879,1284,100
funk carioca,6550,1205,111
funk consciente,8812,1258,106
funk das antigas,3741,1162,103
funk evangelico,5655,1053,101
funk mandelao,6664,1237,103
funk melody,2977,1071,101
funk metal,7273,499,109
funk mexicano,4208,909,100
funk mtg,8253,1261,109
funk ostentacao,7013,1259,105
funk paulista,8507,1256,108
funk pop,3928,1162,104
funk rj,6166,1278,107
funk rock,7236,774,108
funk viral,6929,1296,103
funktronica,2688,957,101
funky breaks,1636,1150,101
funky house,684,1285,101
funky tech house,475,1297,101
furry,7014,689,101
fussball,10295,899,101
future ambient,2874,1004,100
future bass,6446,760,102
future bounce,2918,856,101
future funk,2905,866,101
future garage,3098,982,103
future house,2327,889,102
future rock,2482,390,102
futurepop,1476,624,101
futuristic swag,4062,1064,101
fvnky rimex,1023,1198,104
g funk,4923,1187,108
g-house,2740,1060,103
gabber,2177,630,101
gabonese pop,9189,1013,100
gaddiyali pop,6111,703,100
gaian doom,11612,163,101
gainesville indie,9872,462,101
gaita,11718,275,100
gaita zuliana,12487,1056,101
galante era,21084,408,101
galego,10799,615,100
galician folk,13183,441,100
galician indie,9217,559,100
galician jazz,16219,663,100
galician rock,6689,460,100
galway indie,13072,515,100
gambian hip hop,8372,1099,100
gambian pop,9189,1115,100
game mood,6035,949,102
gamecore,4746,734,100
gamelan,14676,858,100
gaming dubstep,3899,779,102
gaming edm,3273,670,104
gangster rap,6148,1103,114
garage house,889,1238,101
garage pop,10502,285,101
garage psych,9169,325,100
garage punk,9106,210,100
garage punk blues,13429,547,100
garage rock,9106,396,110
garage rock mexicano,5977,333,100
garage rock revival,8493,358,102
garhwali pop,12560,790,101
garifuna folk,10574,923,100
garo pop,8497,772,100
gauze pop,6099,748,104
gay chorus,21011,253,100
gayageum,20018,1196,100
gbvfi,11259,400,101
geek folk,13959,729,101
geek rock,8538,849,100
geinin song,5591,760,100
gen z singer-songwriter,12547,760,109
gengetone,8102,1110,101
georgian alternative,7606,767,100
georgian electronic,2290,1106,100
georgian folk,20451,312,100
georgian hip hop,7323,1038,100
georgian polyphony,22338,165,100
georgian pop,12092,683,100
german alternative rap,10320,1051,104
german alternative rock,4922,429,102
german baroque,20702,406,104
german black metal,10122,73,100
german blues,12585,815,100
german boom bap,9854,1130,101
german ccm,11832,677,101
german choir,21571,268,100
german classical piano,21712,680,100
german cloud rap,6766,1036,103
german contemporary classical,21097,358,100
german country,9871,797,101
german dance,2075,899,106
german dark minimal techno,487,1121,100
german death metal,6579,176,100
german dnb,1701,982,100
german drill,7273,1128,105
german electronica,4714,943,100
german grindcore,7940,207,100
german hard rock,6879,270,103
german hardcore,7297,368,100
german heavy metal,5358,258,101
german hip hop,9579,1070,115
german house,1170,1245,102
german hyperpop,5224,799,101
german indie,8087,703,103
german indie folk,12376,700,101
german indie pop,5579,756,100
german indie rock,6432,473,100
german jazz,17692,724,101
german jazz rap,9842,1095,101
german literature,16365,1365,100
german melodeath,5802,165,100
german metal,5890,249,106
german metalcore,4549,190,102
german oi,7633,358,101
german opera,22098,283,100
german orchestra,21608,291,100
german pagan metal,5814,147,100
german pop,6804,795,111
german pop rock,5244,524,102
german post-hardcore,4354,232,101
german post-punk,6616,396,100
german post-rock,8236,420,100
german power metal,5289,199,102
german prog,10613,364,100
german punk,8161,400,102
german punk rock,5778,412,101
german r&amp;b,6854,1002,102
german reggae,7372,1094,102
german renaissance,21755,229,100
german rock,8236,621,105
german rockabilly,11068,741,100
german romanticism,22049,386,104
german shoegaze,7928,225,100
german show tunes,14810,542,101
german singer-songwriter,11092,772,102
german ska,6123,734,101
german soundtrack,15108,255,104
german stoner rock,11502,249,100
german street punk,9230,352,100
german tech house,278,1422,100
german techno,1479,1055,106
german thrash metal,7297,209,100
german trance,1667,837,102
german trap,5273,1019,103
german underground rap,8565,1123,102
german viral rap,8397,1157,101
german worship,11553,621,101
ghanaian alternative,10457,1066,102
ghanaian gospel,9737,744,100
ghanaian hip hop,8201,1123,102
ghanaian pop,8527,1114,102
ghanaian traditional,14227,1182,100
ghazal,15324,724,104
ghent indie,9676,618,100
ghettotech,1355,1313,100
ghoststep,2424,965,100
girl group,2638,913,107
glam metal,8565,317,111
glam punk,8454,274,101
glam rock,11355,528,111
glasgow indie,6382,396,101
glass,19462,317,100
glee club,9417,578,102
glitch,10664,646,101
glitch beats,5680,893,100
glitch hop,3974,893,102
glitch pop,7694,760,100
glitchbreak,4150,501,102
glitchcore,5260,667,105
glitter trance,1300,927,100
gnawa,13945,965,100
go-go,7533,996,100
goa hip hop,8285,1079,100
goa psytrance,716,990,100
goa trance,672,895,100
golden age hip hop,4136,1203,104
gong,18147,826,100
goralski,12018,793,100
goregrind,10843,165,101
gospel,14512,537,103
gospel amapiano,3620,891,100
gospel antigas,12129,563,102
gospel blues,20434,1007,100
gospel drill,9358,1121,100
gospel italiano,12486,429,100
gospel papiamento,7557,781,100
gospel r&amp;b,10056,694,102
gospel rap,8000,1034,100
gospel reggae,6879,992,100
gospel singers,17303,659,100
gospel soul,15110,667,100
gothabilly,7854,344,101
gothenburg hip hop,10171,1045,100
gothenburg indie,10674,486,102
gothenburg metal,6432,194,102
gothic alternative,4563,302,100
gothic americana,12973,488,100
gothic black metal,6928,167,100
gothic doom,8503,253,100
gothic metal,6210,209,103
gothic post-punk,6038,437,100
gothic rock,5639,356,102
gothic symphonic metal,5915,210,103
gotico brasileiro,4354,414,100
gotlandsk musik,14451,540,100
gqom,1084,1221,101
granada indie,7100,427,101
grand rapids indie,11418,503,101
grave wave,5085,479,102
graz indie,6468,627,100
grebo,5358,410,100
greek black metal,8626,81,100
greek clarinet,15939,497,100
greek contemporary classical,18581,490,100
greek downtempo,3632,951,100
greek drill,7608,1092,103
greek fem rap,8778,1051,100
greek folk,15560,741,100
greek guitar,16277,593,100
greek hip hop,5985,1036,103
greek house,1084,1254,101
greek indie,8571,576,101
greek indie rock,7162,506,100
greek jazz,16248,705,100
greek metal,6493,212,101
greek pop,7519,741,104
greek psychedelic rock,10073,341,100
greek punk,6419,337,100
greek rock,6100,366,100
greek swing,13035,828,100
greek techno,945,1180,100
greek trap,6387,1040,104
greek underground rap,10408,1005,101
greenlandic pop,6429,663,100
gregorian chant,20355,408,101
gregorian dance,6604,460,101
grenada soca,3432,1084,100
grim death metal,11636,163,100
grime,6942,1019,105
grime brasileiro,10333,1068,101
grimewave,4062,939,100
grindcore,11319,113,101
griot,12227,1002,100
grisly death metal,8322,147,100
groove gospel,10183,559,101
groove metal,8552,242,106
groove room,1109,1256,101
grunge,10489,308,109
grunge argentina,6088,296,100
grunge brasileiro,6518,352,100
grunge pop,5202,321,100
grunge revival,6542,257,100
grungegaze,6530,143,102
grunneger muziek,11581,718,100
grupera,9816,921,111
gruperas inmortales,12400,990,108
grupero romantico,8677,891,103
guadalajara indie,6543,756,102
guam indie,10837,872,100
guaracha,1207,1316,101
guatemalan indie,9169,599,100
guatemalan metal,9611,232,100
guatemalan pop,6717,982,100
guggenmusik,13788,581,100
guidance,16891,1355,100
guided meditation,19475,156,100
guinean pop,12029,1021,100
guitar case,7399,639,100
guitarra andina,16348,1045,100
guitarra argentina,20953,1079,100
guitarra clasica,22005,923,100
guitarra mexicana,16406,1099,101
guitarra portuguesa,18101,832,100
gujarati garba,14527,731,102
gujarati pop,12351,697,104
gulf hip hop,9152,971,100
gumbe,8164,1049,100
guqin,22092,971,100
guyanese pop,6742,1117,100
guzheng,20660,815,100
gwoka,13578,1030,100
gyerekdalok,13565,1000,100
gym hardstyle,3624,454,105
gym phonk,2382,953,107
gymcore,3594,244,103
gypsy,17709,607,100
gypsy fusion,7508,907,100
gypsy jazz,18966,1119,101
gypsy punk,8625,726,101
h8000,11124,296,100
haitian dance,7384,961,100
haitian gospel,11095,599,100
haitian traditional,17370,959,100
hakkapop,10601,689,100
halftime dnb,3941,959,100
halifax indie,9340,521,100
halloween,13274,321,102
hamburg electronic,1257,1152,102
hamburg hip hop,9090,1075,104
hamburg indie,8087,551,100
hamburger schule,7918,624,100
hamilton on indie,8873,549,100
hammered dulcimer,15663,683,100
hammond organ,14662,893,100
hampton roads indie,10036,435,100
handbells,19053,251,100
handpan,17212,821,101
hands up,1447,834,102
hangoskonyvek,17721,1263,100
happy hardcore,1605,746,102
hard alternative,4325,242,101
hard bass,1454,1070,101
hard bop,18773,854,103
hard chime,8000,408,100
hard dance,906,633,100
hard glam,6297,275,100
hard house,804,1021,100
hard industrial techno,599,923,101
hard minimal techno,614,1482,100
hard motivation,14687,1009,101
hard rock,10110,368,120
hard rock brasileiro,7581,477,103
hard rock mexicano,6321,337,100
hard stoner rock,10782,294,100
hard techno,468,1119,101
hard trance,1140,837,101
hardcore,10415,321,101
hardcore breaks,1227,967,100
hardcore hip hop,10245,1086,108
hardcore punk,10687,287,103
hardcore punk espanol,10563,323,100
hardcore techno,1839,703,102
hardgroove,801,1240,100
hardingfele,19959,319,100
hardstyle,2513,469,100
hardtekk,1367,1101,101
hardvapour,11043,700,101
hardwave,4705,537,103
hare krishna,14798,700,105
harlem hip hop,9932,1047,102
harlem renaissance,20310,975,103
harmonica blues,16494,945,101
harmonica jazz,17750,891,100
harmonikka,16131,736,100
harp,19930,694,100
harpsichord,18915,400,101
harsh noise wall,14027,74,100
haryanvi hip hop,8127,990,103
haryanvi pop,6589,1086,103
haryanvi ragni,15584,947,100
hauntology,13594,388,101
haur kantak,13516,1017,100
hausa pop,11341,1084,100
hawaiian,16189,561,101
hawaiian hip hop,9718,1088,103
hawaiian indie,8625,618,100
hawaiian punk,11296,394,100
hazaragi pop,11704,977,100
healing,16891,151,102
healing hz,19499,108,106
heartland rock,11956,540,114
heavy alternative,3828,266,101
heavy gothic rock,6149,376,100
heavy psych,11429,194,100
hel,8935,274,101
heligonka,10171,689,100
hengelliset laulut,21559,187,100
hexd,4267,542,100
hi-nrg,2425,899,103
hi-tech,2935,515,100
high vibe,11894,731,104
high-tech minimal,804,1350,101
highlife,13417,1060,100
himachali pop,7851,841,101
himalayan folk,17008,549,100
himene tarava,21011,390,100
hindi hip hop,5866,1108,105
hindi indie,8411,659,103
hindi worship,11331,544,100
hindustani classical,18539,568,101
hindustani instrumental,18744,708,100
hindustani vocal,18761,464,100
hinos ccb,16038,515,101
hip hop,6854,1086,135
hip hop boliviano,9063,1090,100
hip hop cubano,12809,1082,101
hip hop galsen,9250,1108,100
hip hop mauritanien,11901,1056,100
hip hop quebecois,10258,1032,102
hip hop reunionnais,7092,1155,100
hip hop timur,7716,1068,101
hip hop tuga,11477,1053,103
hip house,1257,1058,104
hip pop,5113,1013,111
hip-hop experimental,5806,969,101
hipco,10531,1105,100
hiplife,4630,1135,101
histoire pour enfants,16423,1162,100
historic classical performance,22122,770,100
historic orchestral performance,21951,275,100
historic piano performance,22443,454,100
historic string quartet,22280,364,100
historical keyboard,20953,521,100
historically informed performance,20342,422,100
hjemmesnekk,4211,1064,100
hk-pop,10313,689,102
hmong pop,6188,847,100
ho munda,3945,824,100
hoerspiel,16131,1325,112
hokkaido indie,5766,466,101
hokkien pop,11593,559,101
hollywood,16102,627,105
hong kong hip hop,6438,973,101
hong kong indie,10170,556,101
hong kong rock,7682,495,101
hong kong tv drama,8460,694,100
honky tonk,16952,856,101
honky-tonk piano,15336,963,100
hopebeat,4793,515,103
horo,17709,517,100
horror punk,8407,298,102
horror punk brasileiro,7359,292,100
horror synth,11124,362,101
horrorcore,5237,1000,101
hot jazz,20456,1019,100
house,1379,1108,112
house argentino,365,1386,100
houston indie,10048,410,100
houston rap,6993,1090,104
huapango,10894,1112,101
huayno,14687,941,101
huayno peruano,13995,874,101
huayno popular,13287,911,101
hula,19404,832,100
hull indie,7755,433,100
humour francais,20205,1110,100
humppa,13022,864,100
hungarian black metal,8086,85,100
hungarian choir,20894,201,100
hungarian classical performance,21706,325,100
hungarian classical piano,22423,533,100
hungarian contemporary classical,21449,396,100
hungarian edm,1379,1292,100
hungarian folk,13945,808,101
hungarian hip hop,10358,1086,102
hungarian indie,7211,486,100
hungarian metal,5418,298,100
hungarian pop,5906,858,103
hungarian punk,5754,475,100
hungarian rock,5938,486,102
hungarian techno,665,1343,100
hungarian underground rap,9793,1097,100
huqin,20342,350,100
hurdy-gurdy,9884,350,101
huzunlu sarkilar,11477,837,102
hyperpop,5237,767,106
hyperpop brasileiro,5867,901,101
hyperpop en espanol,5539,799,101
hyperpop francais,6384,802,101
hyperpop italiano,6518,748,100
hypertrance,9278,462,100
hyphy,7471,1084,102
hypnagogic pop,10969,449,103
hypnosis,19959,227,100
hypnotic techno,2131,1011,100
icelandic black metal,9154,52,100
icelandic choir,20281,264,100
icelandic classical,20088,346,102
icelandic electronic,4834,821,100
icelandic experimental,13959,325,102
icelandic folk,14589,663,101
icelandic hip hop,4846,1045,100
icelandic indie,12961,526,102
icelandic jazz,16764,783,100
icelandic metal,9439,178,100
icelandic pop,10031,683,102
icelandic post-punk,6087,495,100
icelandic punk,10551,437,100
icelandic rock,10300,588,102
icelandic singer-songwriter,13540,591,101
icelandic traditional,18159,549,100
idaho hip hop,9431,1062,100
idaho indie,11283,410,100
idol,8469,547,102
idol game,2452,364,100
idol kayo,7014,736,102
idol rock,2849,346,102
igbo pop,12512,1053,101
igbo rap,11778,1077,100
igbo traditional,13504,1139,100
igbo trap,8421,1159,100
igbo worship,9718,975,100
ilahiler,15233,599,101
illbient,7103,751,100
ilocano pop,12080,770,100
impressionism,22209,376,103
indian ambient,12362,346,100
indian classical,18673,694,102
indian edm,2499,933,102
indian electronic,4261,994,100
indian folk,9793,753,102
indian fusion,12438,756,101
indian indie,9206,683,103
indian instrumental,12921,790,107
indian instrumental rock,10477,319,100
indian jazz,15423,810,100
indian lo-fi,10918,731,102
indian metal,6309,232,100
indian percussion,13900,1043,100
indian rock,7532,663,101
indian singer-songwriter,12687,692,103
indian techno,816,1254,100
indian underground rap,9225,1106,100
indian violin,18569,788,100
indiana hip hop,8026,1011,101
indiana indie,11007,501,100
indie anthem-folk,13626,542,106
indie arequipeno,7124,521,100
indie asturiana,12660,533,100
indie boliviano,7545,739,100
indie campechano,5830,746,100
indie canario,8885,588,100
indie cantabria,7485,535,100
indie catala,11019,627,101
indie catracho,8137,770,100
indie cordoba,10538,772,101
indie cristao,11185,484,100
indie curitibano,9688,741,101
indie dream pop,7955,454,101
indie electronica,6830,815,100
indie electropop,7470,724,102
indie emo,8812,497,100
indie emo rock,11600,394,100
indie extremena,6358,512,101
indie folk,14512,593,110
indie folk argentino,13376,826,100
indie folk italiano,11242,680,100
indie fuzzpop,9701,537,100
indie game soundtrack,11944,501,103
indie garage rock,8911,441,104
indie hidalguense,9540,667,100
indie hidrocalido,8396,586,100
indie hip hop,11107,1032,104
indie jazz,9468,868,102
indie liguria,4851,810,102
indie michoacano,7237,581,100
indie napoletano,10775,806,100
indie nica,7445,806,100
indie nordeste argentino,10276,537,100
indie paraense,8472,744,100
indie platense,8559,495,101
indie poblano,9303,528,100
indie pop,11292,573,112
indie pop rap,6955,990,106
indie pop rock,5741,479,100
indie poptimism,5683,667,108
indie psych-pop,10895,437,100
indie psychedelic rock,11149,264,100
indie punk,9315,281,102
indie quebecois,11381,593,103
indie queretano,6903,549,100
indie r&amp;b,9456,903,105
indie rock,9921,469,112
indie rock colombiano,6333,454,100
indie rock italiano,7136,508,104
indie rock mexicano,5455,392,102
indie rock peruano,6717,431,100
indie rockism,3945,433,101
indie salvadoreno,7223,804,100
indie shoegaze,7334,158,101
indie siciliano,10843,667,100
indie singer-songwriter,14156,624,100
indie soul,7210,949,109
indie sudcaliforniano,8753,758,100
indie surf,7002,366,104
indie tabasqueno,9623,464,100
indie tico,9193,530,100
indie triste,15336,819,104
indie trujillano,8787,475,100
indie tucumano,9254,512,100
indie valenciana,7051,464,100
indie veneto,6444,524,100
indie viet,15021,933,103
indiecoustica,12820,551,103
indietronica,5143,677,115
indonesian alternative rock,8726,394,103
indonesian bamboo,14503,808,100
indonesian black metal,9045,160,100
indonesian blues,11019,481,101
indonesian city pop,11081,599,102
indonesian death metal,8248,236,100
indonesian deathcore,5272,264,100
indonesian edm,3052,813,101
indonesian electronic,1739,1112,100
indonesian emo,6592,258,102
indonesian emo rap,5389,854,100
indonesian experimental,13934,384,100
indonesian folk,13933,583,103
indonesian folk pop,15784,624,103
indonesian hardcore,8383,382,100
indonesian hip hop,5531,1028,102
indonesian hyperpop,4542,779,100
indonesian idol pop,2818,561,102
indonesian indie,9959,492,105
indonesian indie pop,8497,528,101
indonesian indie rock,5740,308,101
indonesian indigenous traditional,19796,813,100
indonesian jazz,11969,753,104
indonesian lo-fi pop,14266,736,102
indonesian metal,7559,253,100
indonesian neo-psychedelia,8583,358,100
indonesian pop,9650,568,115
indonesian pop punk,5284,406,103
indonesian pop rock,6977,517,107
indonesian post-hardcore,5615,292,101
indonesian psychedelia,9896,593,100
indonesian punk,5505,315,101
indonesian r&amp;b,8173,837,104
indonesian reggae,11465,366,102
indonesian rock,6803,439,104
indonesian shoegaze,5765,236,100
indonesian singer-songwriter,13737,596,105
indonesian ska,5114,856,101
indonesian thrash metal,5875,429,100
indonesian trap,4980,907,100
indonesian underground hip hop,6538,1060,100
indonesian viral pop,1753,1226,102
indonesian worship,12388,495,103
indorock,11230,708,100
industrial,6075,508,105
industrial black metal,6517,133,100
industrial hardcore,2557,544,100
industrial hip hop,6396,734,101
industrial metal,2657,447,107
industrial noise,12186,163,100
industrial pop,2630,561,101
industrial rock,3390,508,106
industrial techno,1318,996,100
indy indie,12093,486,100
instrumental acoustic guitar,17721,777,101
instrumental black metal,9475,27,100
instrumental bluegrass,15009,793,101
instrumental death metal,6456,207,100
instrumental djent,3711,274,101
instrumental funk,13212,965,102
instrumental grime,3485,1066,102
instrumental hip hop,6741,909,104
instrumental lullaby,19708,943,106
instrumental math rock,9884,515,101
instrumental post-rock,11161,225,102
instrumental progressive metal,5517,262,100
instrumental rock,11343,404,103
instrumental soul,13875,988,101
instrumental stoner rock,11490,312,100
instrumental surf,11649,433,100
instrumental worship,17475,659,104
intelligent dance music,6136,772,103
inuit pop,9994,777,100
inuit traditional,15746,746,100
iowa hip hop,7765,1049,100
iowa indie,12561,475,100
iranian experimental,15605,272,100
iranian metal,7124,181,100
iraqi hip hop,11440,1030,100
irish accordion,15299,760,100
irish ballad,21048,486,100
irish banjo,16745,877,100
irish black metal,10672,64,100
irish classical,21902,310,100
irish contemporary classical,19633,368,100
irish country,14008,544,101
irish dance,11869,845,100
irish death metal,8503,110,100
irish drill,7335,1235,100
irish electronic,1909,1053,101
irish experimental,15095,356,100
irish experimental electronic,5489,793,100
irish fiddle,19036,736,100
irish flute,18878,581,100
irish folk,17278,756,102
irish gaelic folk,20076,596,100
irish hardcore,9451,317,100
irish hip hop,8927,1015,101
irish indie,12338,524,101
irish indie rock,7448,370,101
irish metal,8334,156,101
irish modern jazz,16728,692,100
irish neo-traditional,15605,515,100
irish pop,10539,624,104
irish post-punk,7719,350,101
irish pub song,16248,795,101
irish punk,8947,358,100
irish rebel song,14737,578,100
irish rock,10337,449,106
irish singer-songwriter,14377,549,105
irish techno,1158,1177,100
irish trap,6679,969,100
irish underground rap,11877,959,100
iskelma,9611,674,102
islamic recitation,21333,808,101
isle of man indie,13380,524,100
isle of wight indie,9549,512,100
israeli classical,21559,374,100
israeli classical piano,22122,501,100
israeli folk,15107,519,101
israeli hip hop,7347,1000,101
israeli indie,9727,621,101
israeli jazz,17066,777,100
israeli mediterranean,8325,646,102
israeli metal,7829,205,100
israeli pop,8828,621,104
israeli punk,6989,312,100
israeli rock,12141,596,102
israeli singer-songwriter,14009,659,101
israeli techno,512,1303,100
israeli traditional,17980,751,100
israeli trap,8076,1007,101
israelite hip hop,11791,988,100
italian adult pop,12179,636,110
italian alternative,9490,583,102
italian baritone,22135,384,100
italian baroque,20251,400,102
italian baroque ensemble,20785,360,100
italian bass,22012,414,100
italian black metal,9130,99,100
italian blues,12660,741,100
italian choir,22455,64,100
italian classical guitar,20410,917,100
italian classical piano,21681,576,100
italian contemporary classical,21328,394,100
italian contemporary jazz,19504,697,100
italian death metal,7854,167,100
italian doom metal,10030,127,100
italian electronica,4004,899,100
italian emo,8788,287,100
italian experimental,13059,360,100
italian folk,14465,748,100
italian folk metal,5214,220,101
italian gothic,6198,277,100
italian gothic metal,6161,185,100
italian hardcore,10440,229,100
italian heavy metal,5753,249,100
italian hip hop,8939,973,112
italian indie pop,8017,705,103
italian industrial,11380,244,100
italian jazz,18469,729,101
italian jazz fusion,12116,832,100
italian library music,14069,615,100
italian lounge,7261,905,101
italian mandolin,16063,537,100
italian metal,11088,115,101
italian metalcore,4296,188,100
italian mezzo-soprano,22399,414,100
italian modern prog,11660,258,100
italian new wave,6346,599,100
italian occult psychedelia,12758,255,100
italian opera,22122,333,102
italian orchestra,21644,366,100
italian pop,9338,751,114
italian pop punk,3098,358,100
italian pop rock,6928,604,102
italian post-hardcore,10165,296,100
italian post-punk,5854,394,100
italian post-rock,11538,192,100
italian power metal,5168,216,101
italian progressive metal,7150,249,100
italian progressive rock,13676,420,101
italian punk,8037,368,100
italian reggae,4425,1075,101
italian renaissance,22012,234,100
italian rockabilly,10196,726,100
italian romanticism,22180,341,102
italian screamo,10220,268,100
italian ska,5114,659,100
italian soprano,22061,331,100
italian soundtrack,17826,310,101
italian stoner rock,10587,176,100
italian tech house,117,1416,101
italian techno,463,1261,101
italian tenor,21583,333,101
italian trance,964,881,100
italian underground hip hop,12091,913,104
italian violin,20517,454,100
italo beats,977,977,100
italo dance,1393,1028,103
italo disco,2054,977,102
italo house,4793,860,100
italogaze,6977,188,100
izvorna muzika,14451,839,100
j-acoustic,12252,639,103
j-ambient,16014,441,101
j-core,1870,479,101
j-division,3857,535,106
j-idol,2525,466,102
j-indie,7063,530,102
j-metal,5664,234,102
j-pixie,3624,364,104
j-pop,5268,519,115
j-pop boy group,3039,639,103
j-pop girl group,2396,471,102
j-poprock,4413,420,104
j-punk,7383,312,101
j-rap,5655,1005,104
j-reggae,5212,996,101
j-rock,6062,404,110
jackin' house,640,1296,100
jacksonville indie,11870,475,101
jain bhajan,15311,763,100
jalsat,11157,694,100
jam band,12961,677,104
jamaican dancehall,10648,1110,103
jamaican hip hop,11566,1115,102
jamaican ska,12029,1134,101
jamgrass,13896,783,101
jamtronica,6990,663,101
jangle pop,10361,443,102
jangle rock,9562,425,100
japanese alternative pop,8005,646,102
japanese alternative rock,6419,441,104
japanese beats,12722,1002,100
japanese bedroom pop,9756,881,100
japanese black metal,9945,69,100
japanese blues,12277,692,100
japanese boom bap,9920,980,100
japanese buddhist chant,17651,360,100
japanese celtic,10403,331,101
japanese chill rap,9051,965,101
japanese chillhop,11580,959,103
japanese choir,18556,615,100
japanese classical,18615,384,102
japanese classical performance,21036,382,100
japanese classical piano,21437,535,100
japanese concert band,18732,356,100
japanese contemporary classical,20305,370,100
japanese dance pop,3273,795,101
japanese death metal,7522,134,100
japanese dream pop,8681,429,100
japanese drill,5076,1049,101
japanese dub,4369,1000,100
japanese edm,2805,596,100
japanese electronic,2253,1105,100
japanese electropop,3419,718,103
japanese emo,7817,296,103
japanese experimental,12597,739,100
japanese folk,14749,566,101
japanese garage rock,10085,304,100
japanese girl punk,7112,392,100
japanese guitar,17008,937,100
japanese hardcore,10831,194,100
japanese heavy metal,7285,242,100
japanese house,1885,1171,100
japanese hyperpop,5772,774,100
japanese idm,7483,830,100
japanese indie folk,14761,633,100
japanese indie pop,9094,633,101
japanese indie rock,5398,374,101
japanese instrumental,16051,839,101
japanese jazz,14552,779,101
japanese jazz fusion,9676,705,101
japanese jazztronica,5760,851,101
japanese math rock,8038,475,101
japanese melodic hardcore,5346,238,100
japanese melodic punk,6345,260,100
japanese metalcore,4771,214,101
japanese new wave,5829,586,102
japanese old school hip hop,4330,1045,101
japanese orchestra,18381,216,100
japanese piano,19645,519,101
japanese pop punk,5827,257,102
japanese pop rap,6047,971,101
japanese post-hardcore,7236,207,101
japanese post-punk,7002,497,100
japanese post-rock,11198,382,101
japanese power metal,5651,170,101
japanese prog,12264,398,100
japanese progressive house,1355,862,100
japanese psychedelic,13898,378,100
japanese psychedelic rock,12770,264,100
japanese punk rock,6567,291,102
japanese r&amp;b,6211,854,103
japanese rockabilly,6990,486,101
japanese screamo,9168,181,101
japanese shoegaze,6604,244,101
japanese singer-songwriter,10109,591,105
japanese ska,5786,559,101
japanese soul,7731,806,103
japanese soundtrack,14773,384,104
japanese techno,1355,1141,100
japanese teen pop,5406,718,108
japanese traditional,19182,354,100
japanese trap,4559,973,102
japanese underground rap,9895,990,101
japanese vgm,11056,427,105
japanese viral pop,4701,834,102
japanese vocal jazz,16927,790,100
japanese vtuber,3536,599,102
japanese worship,13282,486,100
japanoise,13209,296,100
javanese dangdut,6016,858,104
javanese gamelan,19930,499,100
jaw harp,17183,765,100
jawaiian,5960,1068,102
jazz,19462,901,106
jazz accordion,15976,860,100
jazz blues,19341,864,105
jazz boliviano,14959,802,100
jazz boom bap,4454,1130,102
jazz brass,18832,834,100
jazz caraibes,15149,911,100
jazz catala,18177,883,100
jazz chileno,16301,756,100
jazz clarinet,19341,969,101
jazz colombiano,14674,921,100
jazz composition,16552,748,100
jazz cover,13700,858,103
jazz cubano,16832,959,100
jazz dominicano,13224,982,100
jazz double bass,18686,795,100
jazz drums,17909,887,100
jazz flute,17780,939,100
jazz funk,14649,909,104
jazz fusion,16752,746,102
jazz guitar,18644,1009,102
jazz guitar trio,19183,992,100
jazz harp,18527,703,100
jazz house,1440,1265,101
jazz metal,10428,308,100
jazz mexicano,15110,788,101
jazz orchestra,17651,563,100
jazz organ,16306,870,100
jazz piano,19737,973,103
jazz pop,15809,790,105
jazz puertorriqueno,16335,1030,100
jazz quartet,18644,883,101
jazz rap,6717,1119,103
jazz rock,14488,537,101
jazz saxophone,18790,868,103
jazz tico,15275,813,100
jazz trio,19328,951,102
jazz trombone,19428,858,101
jazz trumpet,19024,887,103
jazz tuba,17224,832,100
jazz venezolano,15374,907,100
jazz vibraphone,17767,931,100
jazz violin,18293,808,100
jazz worship,10652,680,100
jazzcore,12338,462,100
jazztronica,5705,895,103
jazzy dnb,1023,1128,100
jersey club,2581,1171,102
jesus movement,13331,593,100
jewish a capella,13614,537,100
jewish cantorial,22326,296,100
jewish hip hop,6035,1021,100
jewish pop,9365,583,101
jig and reel,17738,721,100
jirai kei,2951,540,101
jordanian pop,8977,770,100
joropo,16365,939,100
josei rap,4909,1011,101
joseon pop,13996,533,100
jota aragonesa,20514,770,100
jovem guarda,12486,667,102
judaica,15693,721,100
jug band,20514,1038,100
jugendchor,20134,358,100
juju,13516,1101,100
jump blues,17884,973,101
jump up,1622,1015,101
jumpstyle,1442,1007,101
jumptek,714,1182,100
jungle,1651,1023,101
junior songfestival,3753,883,100
k-indie,11094,705,102
k-pop,5326,777,123
k-pop ballad,13896,609,101
k-pop boy group,4033,741,114
k-pop girl group,3066,895,114
k-pop reality show,3448,718,101
k-rap,6666,1023,106
k-rock,7273,431,101
kaba gaida,19112,257,100
kabarett,17300,1207,102
kabyle,8323,819,101
kabyle moderne,6073,790,100
kadongo kamu,9307,1041,100
kalmar indie,10251,586,100
kamba pop,11578,1108,100
kaneka,5880,929,100
kannada bhava geethe,15348,929,100
kannada hip hop,8576,1005,101
kannada indie,7668,915,100
kannada pop,11004,858,101
kansai indie,6062,508,100
kansas city hip hop,9631,1038,101
kansas hip hop,10109,1017,100
kansas indie,9390,466,100
kantele,17517,547,100
kapa haka,19871,435,100
karadeniz pop,10171,793,102
karadeniz turkuleri,12712,718,103
karaoke,3741,854,100
karbi pop,6928,756,100
karelian folk,14033,591,100
karen pop,9089,832,100
karneval,7594,763,101
karntner volksmusik,21767,294,100
kaseko,12896,951,100
kashmiri hip hop,12104,1086,100
kashmiri pop,14180,694,100
kasi rap,7546,1015,101
kavkaz,4160,905,102
kawaii edm,2528,667,101
kawaii future bass,2805,705,101
kawaii metal,4112,214,101
kayokyoku,12240,588,102
kazakh hip hop,6133,1075,102
kazakh indie,7186,891,100
kazakh pop,5076,907,102
kazakh traditional,15324,845,100
kc indie,9758,473,101
keller synth,13939,124,100
kelowna bc indie,5691,327,100
kent indie,8558,604,100
kentucky hip hop,5085,1166,105
kentucky indie,11857,554,103
kentucky metal,10306,210,100
kentucky mountain folk,20134,901,100
kentucky punk,10110,255,100
kentucky roots,12587,612,104
kenyan alternative,11729,977,100
kenyan drill,6514,1203,100
kenyan hip hop,7815,1128,100
kenyan pop,7236,1005,101
kenyan r&amp;b,9213,967,101
kenyan traditional,18101,1092,100
kerkkoor,21888,21,100
kermis,12734,591,101
keroncong,11581,604,101
khaleeji iraqi,11655,751,101
khaliji,10613,739,102
khandeshi pop,6679,770,100
khasi pop,7261,793,100
khayal,19170,443,100
khmer,13775,670,100
khmer hip hop,5606,1125,100
khortha pop,5302,810,100
kids dance party,2294,1326,100
kids hip hop,4505,1117,100
kikuyu gospel,7409,973,100
kikuyu pop,10894,1182,100
kinderchor,15926,795,100
kinderliedjies,13200,992,100
kindermusik,13578,1077,106
kindie rock,12784,990,101
kingston on indie,10464,499,101
kinnauri pop,3361,837,100
kirtan,14068,495,102
kiwi rock,7371,437,102
kizomba,3497,1015,102
kizomba antigas,3062,1055,101
kizomba cabo-verdiana,3001,1026,101
klapa,14670,433,100
kleine hoerspiel,16248,1259,108
kleinkunst,11832,777,101
klezmer,17341,741,100
klubowe,1636,1071,101
knoxville indie,10085,469,100
kodomo no ongaku,12475,1025,101
kokborok pop,7545,858,100
kol isha,11369,586,100
koledy,15342,469,100
koligeet,11366,986,100
kolkata indie,9994,663,100
kollywood,7224,969,105
kolo,12030,828,100
kolsche karneval,6779,763,102
komedi,20631,917,100
kompa,7409,929,101
kompa chretien,8387,729,100
kompa gouyad,2886,1002,101
konkani pop,12847,758,100
kora,16160,949,100
korean bl ost,9143,683,100
korean city pop,7458,806,103
korean classical performance,21340,344,100
korean classical piano,21620,530,100
korean contemporary classical,21779,247,100
korean dream pop,11068,452,101
korean drill,6350,1049,100
korean electronic,2791,933,100
korean electropop,6630,731,101
korean experimental,12746,439,100
korean hardcore,8897,240,100
korean hyperpop,4608,915,100
korean indie folk,15183,746,100
korean indie rock,7174,466,101
korean instrumental,20492,858,102
korean jazz,16373,781,100
korean metal,6741,382,100
korean minyo,17767,596,100
korean musicals,15400,394,100
korean old school hip hop,5363,1071,101
korean ost,13663,526,106
korean pop,12722,618,104
korean punk,7026,327,100
korean r&amp;b,8855,917,105
korean shoegaze,9118,272,100
korean singer-songwriter,13589,607,101
korean soundtrack,14056,408,100
korean superband,12487,547,100
korean talent show,13775,454,101
korean traditional,18878,870,100
korean trap,6096,1025,100
korean underground rap,8458,1103,101
korean worship,14475,477,100
kosovan folk,15559,475,100
kosovan indie,11132,547,100
kosovan pop,6278,945,102
koto,22034,905,100
krajiska muzika,11206,642,100
krautrock,12611,460,101
kritika,17388,615,100
kuduro,1941,1299,100
kuduro antigo,2951,1240,100
kumaoni pop,9781,901,100
kundalini,15809,327,101
kundiman,16075,506,101
kurdish folk,15085,713,101
kurdish hip hop,11191,1043,101
kurdish pop,10019,763,102
kurdish remix,3857,923,100
kurdish rock,11118,686,100
kwaito,4381,1071,101
kyrgyz hip hop,7667,1062,101
kyrgyz pop,4909,931,100
kyrgyz traditional,20819,915,100
kyushu indie,8457,526,101
la indie,7149,492,106
la pop,7211,760,105
laboratorio,18206,437,102
ladakhi pop,5784,828,100
lafayette indie,10600,530,100
lagu aceh,8716,806,100
lagu bali,8703,854,100
lagu betawi,10812,868,100
lagu bugis,5154,549,100
lagu iban,5867,786,100
lagu jambi,3361,756,100
lagu jawa,6356,834,105
lagu karo,7115,694,100
lagu lampung,7495,721,100
lagu madura,4191,777,100
lagu maluku,11393,642,100
lagu manado,8124,618,100
lagu melayu,6258,490,101
lagu sabahan,5786,705,100
lagu sasak,8286,748,100
lagu sunda,8211,783,101
lagu tarling,9127,949,100
lagu timur,6977,921,102
lai hla,9764,604,100
laiko,12400,772,104
lambadao,5618,1180,101
lampung indie,7656,596,100
lancashire indie,10264,515,100
lancaster pa indie,12722,445,100
landler,15572,905,100
language,14094,1079,100
lao hip hop,8311,824,100
lao pop,6110,923,100
lao traditional,19959,834,100
lapland hip hop,7851,1019,100
lapland metal,4909,245,100
lastelaulud,13311,961,100
lasten satuja,16394,1230,100
lata,19199,612,102
late romantic era,22024,325,105
latin afrobeat,6641,979,102
latin alternative,5892,765,115
latin american baroque,21121,342,100
latin american classical piano,22134,578,100
latin american heavy psych,11575,203,100
latin arena pop,6358,686,114
latin christian,8198,593,107
latin classical,20953,748,102
latin funk,7459,984,101
latin hip hop,3185,1153,113
latin house,1797,1144,101
latin jazz,17291,965,102
latin metal,9081,298,102
latin pop,6316,826,126
latin rock,5289,711,113
latin shoegaze,7842,198,100
latin ska,7078,729,101
latin soundtrack,16657,298,101
latin surf rock,7645,398,100
latin talent show,9231,760,103
latin tech house,0,1426,101
latin viral pop,4186,949,110
latin viral rap,10420,1021,101
latin worship,8199,460,106
latincore,5156,289,101
latino comedy,16189,996,100
latintronica,4413,1038,101
latinx alternative,7470,849,102
latmiya,17534,554,100
latvian electronic,1839,1153,100
latvian folk,14254,571,100
latvian hip hop,7729,1049,100
latvian indie,8583,586,100
latvian metal,5377,210,100
latvian pop,7483,726,101
latvian rock,5386,540,100
laulaja-lauluntekija,12314,601,100
lawrence ks indie,11661,471,100
lds,18030,402,101
lds instrumental,20760,327,101
lds youth,12536,568,101
lebanese indie,11306,624,100
lebanese pop,10738,721,103
leeds indie,7473,384,100
leicester indie,7461,454,101
leipzig electronic,1318,1254,101
leipzig indie,6618,788,100
leon gto indie,7311,621,100
lesen,16394,1352,101
lesotho traditional,6891,813,100
levenslied,7027,700,103
lexington ky indie,10868,683,100
lezginka,4220,788,100
lgbtq+ hip hop,5493,1021,109
liberian pop,5842,1155,100
library music,15868,667,101
libyan hip hop,12264,1062,100
libyan pop,9883,765,100
liechtenstein,16786,196,100
liedermacher,14847,927,102
light music,19813,321,100
lilith,12056,583,107
limerick indie,8644,427,100
lincoln ne indie,10843,471,100
lion city hardcore,6790,223,100
liquid funk,1534,1025,102
lithuanian edm,2206,1075,101
lithuanian electronic,2091,1126,101
lithuanian folk,11747,718,100
lithuanian hip hop,5125,1094,100
lithuanian indie,8739,615,100
lithuanian jazz,16740,758,100
lithuanian metal,7186,154,100
lithuanian pop,4968,851,101
lithuanian rock,6136,540,100
lithuanian trap,4149,1148,100
little rock indie,9525,471,100
liverpool indie,8395,449,102
livetronica,3653,851,102
lldm,14463,596,100
lo star,10159,694,100
lo-fi,12167,445,103
lo-fi beats,13442,1023,106
lo-fi brasileiro,12973,1011,101
lo-fi chill,11304,917,103
lo-fi cover,14701,718,103
lo-fi emo,11612,392,102
lo-fi house,2703,1139,102
lo-fi indie,13701,501,106
lo-fi jazzhop,11603,1055,104
lo-fi latino,13108,1064,101
lo-fi product,12797,1084,103
lo-fi rap,11053,988,102
lo-fi sleep,14333,832,103
lo-fi study,11717,921,106
lo-fi vgm,7557,937,102
lok dohori,11919,692,100
lombok indie,7618,549,100
london indie,7866,506,101
london on indie,8212,386,100
london rap,11403,1075,103
long island punk,9488,268,100
louange,9441,751,100
louisiana blues,16248,907,101
louisiana metal,11777,172,100
louisville indie,11144,435,101
louisville underground,11820,484,100
lounge,19345,630,108
lounge house,8101,988,100
louvor,14574,566,101
louvor icm,13607,422,100
louvores pentecostais,11467,571,101
lovecraftian metal,9094,145,100
lovers rock,6400,1178,102
lowercase,16774,229,100
lowlands hardcore,10293,231,100
luk thung,8802,731,101
lullaby,17797,462,105
lund indie,9921,364,100
lustrum,11653,1153,102
lute,21391,903,100
luxembourgian electronic,1072,1170,100
luxembourgian hip hop,7435,1105,100
luxembourgian indie,7473,497,100
luxembourgian metal,5627,242,100
luxembourgian pop,12535,817,100
macau pop,8861,544,100
macedonian electronic,933,1237,100
macedonian folk,12872,517,100
macedonian hip hop,7679,1055,100
macedonian indie,7694,593,100
macedonian metal,8346,242,100
macedonian pop,7423,650,100
macedonian rock,8763,537,100
madchester,5803,441,106
madrigal,21975,199,100
maga rap,6563,1088,102
maghreb,14737,697,100
magyar alternative,6891,519,101
magyar kabare,15221,1004,100
magyar mulatos,2989,937,100
magyar musicalek,11943,711,100
magyar retro dance,3544,891,100
magyar trap,6400,1043,102
mahraganat,4199,1114,102
maimouna,9780,1040,100
maine hip hop,7249,947,100
maine indie,12685,521,100
mainland chinese pop,9574,588,103
mainland se asia metal,7535,262,100
maithili,7876,845,100
makina,1467,1047,100
makossa,8139,953,100
malagasy folk,12215,899,100
malagasy pop,9115,937,100
malang indie,6879,495,101
malang punk,4880,294,100
malawian folk,15045,1004,100
malawian hip hop,11692,1034,100
malawian pop,11203,1053,100
malay rap,7285,1015,101
malayalam cover,9064,883,100
malayalam hip hop,7571,1058,101
malayalam indie,10677,700,100
malayalam madh,13908,834,100
malayalam pop,10824,808,102
malayalam worship,9193,781,100
malaysian hardcore,9057,227,100
malaysian hip hop,6550,945,101
malaysian indie,7594,458,101
malaysian mandopop,11569,588,102
malaysian metal,8000,277,100
malaysian pop,7893,578,104
malaysian post-rock,9243,285,100
malaysian punk,6186,352,100
malaysian tamil pop,5388,996,101
malaysian tamil rap,7178,1058,100
malaysian traditional,12884,810,100
maldivian pop,7298,788,100
malian blues,12947,901,101
malian traditional,16394,1086,100
mallet,17938,804,100
mallsoft,9807,578,101
malmo indie,8595,382,100
maloya,11955,1017,100
maltese hip hop,8433,973,100
maltese metal,8638,97,100
maltese pop,5273,624,100
maluku pop,10045,1097,100
mambo,16394,1005,101
mambo chileno,4016,1168,104
man's orchestra,18819,689,101
manchester hip hop,11427,1077,102
manchester indie,6729,380,101
mande pop,12413,955,101
mandible,12480,364,100
mandolin,15693,860,101
mandopop,9986,583,108
manele,4559,1137,103
manguebeat,9180,870,103
manila sound,13800,573,101
manipuri pop,10362,779,100
manitoba country,8026,547,100
manitoba indie,11539,547,100
manso indie,9599,601,101
mantra,14601,845,102
mapouka,3594,1171,100
mappila paattu,8552,895,101
maracatu,13047,990,100
marathi balgeet,14884,965,100
marathi devotional,12986,824,100
marathi hip hop,7043,1032,100
marathi pop,10873,872,102
marathi remix,4296,854,100
marathi traditional,15851,824,101
marcha funebre,17125,133,100
marching band,17224,609,100
marci brijuzi,15542,503,100
mariachi,15208,765,109
mariachi cristiano,12153,763,102
marimba,20923,806,100
marimba de guatemala,10870,1139,100
marimba mexicana,9879,1178,100
marimba orquesta,9418,1162,100
marinera,13417,990,100
marrabenta,11167,982,100
marsmuziek,19007,566,100
martial industrial,11453,304,100
marwadi pop,5563,907,100
mashcore,3390,646,100
mashup,2776,837,101
maskandi,3419,973,101
massage,19141,94,100
math pop,8656,477,100
math rock,11563,475,101
math rock latinoamericano,9712,346,100
mathcore,10477,181,101
mathgrind,11624,142,100
mazandarani folk,19112,765,100
mbalax,12861,923,101
mbira,12475,975,100
mecha,9798,402,100
medieval,21316,306,101
medieval black metal,11002,83,100
medieval ensemble,19667,306,100
medieval folk,12350,368,101
medieval rock,5582,435,103
medimeisterschaften,3840,1007,100
meditation,19521,87,105
medway sound,12574,473,100
meenawati,6904,923,100
mega funk,3010,1275,101
melancholia,13589,469,108
melanesian pop,4508,1000,101
melbourne bounce,1724,1004,104
melbourne bounce international,1990,996,104
melbourne hip hop,10196,1007,100
melbourne indie,12314,486,101
melbourne punk,9144,335,100
mellow gold,12672,621,119
melodic black metal,9254,94,100
melodic death metal,6051,138,103
melodic deathcore,5578,185,101
melodic doom,7198,133,100
melodic drill,8213,1182,106
melodic dubstep,5410,418,103
melodic groove metal,4783,183,101
melodic hard rock,4087,264,101
melodic hardcore,8693,245,101
melodic metal,4562,187,102
melodic metalcore,5715,201,109
melodic power metal,4221,231,100
melodic progressive metal,5728,249,100
melodic rap,4726,1060,119
melodic techno,714,1263,101
melodic thrash,7498,231,102
melodipop,5477,756,100
meme,5143,969,104
meme rap,6980,1043,105
memphis americana,12464,694,100
memphis blues,18177,1023,101
memphis hip hop,3882,1141,109
memphis indie,10993,384,100
memphis phonk,3557,1005,102
memphis soul,13970,881,104
men chika,2645,499,101
men's choir,21683,176,100
mento,15400,1162,100
merengue,12747,1060,102
merengue tipico,13249,1082,101
merida indie,6791,524,100
merseybeat,14847,636,107
messianic praise,12658,412,101
mestissatge,4383,868,101
metal,8923,214,112
metal baiano,9819,183,100
metal balear,5903,249,100
metal catala,6248,258,100
metal catarinense,7371,218,100
metal cearense,9957,167,100
metal colombiano,9871,205,100
metal cover,3361,329,101
metal cristao,8025,225,100
metal ecuatoriano,8681,296,100
metal galego,6677,194,100
metal gaucho,7707,220,100
metal gotico,7682,270,100
metal guitar,8911,321,101
metal mineiro,10515,238,101
metal noir quebecois,9194,78,100
metal nortista,9475,205,100
metal paraguayo,8885,232,100
metal paranaense,8800,214,100
metal pernambucano,8285,234,100
metal piauiense,9574,167,100
metal salvadoreno,10931,382,100
metal tico,8873,251,100
metal uruguayo,6665,249,100
metalcore,5143,207,109
metalcore espanol,5703,247,100
metallic hardcore,9562,262,102
metis fiddle,13651,731,100
metropopolis,5410,535,110
mevlevi sufi,18440,454,100
mewati pop,4876,866,100
mexican black metal,11539,50,100
mexican classic rock,12807,615,102
mexican classical,21816,568,100
mexican death metal,11136,188,100
mexican edm,2079,1060,101
mexican electronic,3569,1009,100
mexican experimental,12512,528,100
mexican hardcore,8419,291,100
mexican hip hop,6803,1112,110
mexican indie,5523,670,105
mexican metal,8613,251,101
mexican pop,5348,797,115
mexican pop punk,5492,342,102
mexican post-rock,10625,308,100
mexican power metal,6916,249,100
mexican rock,5348,636,109
mexican rock-and-roll,14749,790,104
mexican son,16027,953,100
mexican tech house,234,1372,100
mexican techno,1035,1166,100
mexican thrash metal,10674,270,100
mexican traditional,15070,947,100
meyxana,6903,1034,100
mezmur,11143,726,100
mezwed,11279,708,100
miami bass,1826,1237,101
miami hip hop,4279,1068,111
miami indie,7299,490,101
miami metal,8717,231,100
michigan folk,14515,724,100
michigan indie,12860,559,101
microhouse,2302,1134,102
microtonal,16260,429,101
middle earth,14577,291,103
middle east hip hop,9842,937,101
middle eastern traditional,19065,741,100
midwest americana,13244,554,101
midwest emo,9871,333,102
milan indie,7173,674,103
military band,19212,549,100
military cadence,2513,1457,100
military rap,6084,1015,101
milwaukee hip hop,8589,1028,100
milwaukee indie,10527,427,100
min'yo,17125,639,100
mincecore,10953,214,100
mindfulness,19667,83,100
minimal dnb,3013,1005,100
minimal dub,1306,1095,100
minimal dubstep,2362,1062,100
minimal melodic techno,1540,1126,102
minimal synth,4208,739,100
minimal tech house,726,1365,102
minimal techno,964,1261,103
minimal wave,3064,781,101
minimalism,20923,354,102
minneapolis indie,12709,458,101
minneapolis metal,8260,163,100
minneapolis punk,9635,275,100
minneapolis sound,3510,1028,103
minnesang,21206,533,100
minnesota hip hop,5756,1021,103
minnesota metal,8589,154,100
mising pop,10399,788,100
mississippi hip hop,5568,1084,102
mississippi indie,10178,422,100
missouri indie,12413,526,100
mizo gospel,12154,420,100
mizo pop,9429,650,100
mizrahi,8383,612,102
mluvene slovo,18323,1071,100
mod revival,9488,469,101
modern alternative pop,6916,783,104
modern alternative rock,5114,443,112
modern bhajan,9443,872,104
modern big band,15572,700,100
modern blues,12338,703,103
modern blues rock,11442,484,106
modern bollywood,8901,783,119
modern cello,17797,272,100
modern chamber music,19579,481,100
modern country pop,8297,533,113
modern country rock,5468,530,112
modern darkwave,2469,429,100
modern downshift,5128,392,100
modern dream pop,6444,352,104
modern electroacoustic,16231,247,100
modern enka,12510,400,100
modern folk rock,13170,515,105
modern free jazz,18644,674,100
modern funk,5855,955,101
modern goth,2645,380,101
modern hard rock,6038,281,103
modern hardcore,10122,255,101
modern indie folk,14230,524,105
modern indie pop,7830,777,107
modern j-rock,5063,386,103
modern jangle pop,7162,360,100
modern jazz piano,18907,741,101
modern jazz trio,17546,891,101
modern jungle,2190,1013,101
modern melodic hardcore,7804,227,101
modern mod,7075,412,100
modern old-time,15605,781,101
modern performance,20076,348,100
modern power pop,6977,335,103
modern progressive rock,10465,313,100
modern psychedelic folk,14093,414,100
modern reggae,9262,1099,102
modern rock,5689,471,127
modern salsa,12462,1013,104
modern ska punk,6641,607,101
modern southern rock,9144,460,104
modern string quartet,20556,331,100
modern swing,18293,1062,100
modern uplift,5097,414,101
moderne ludovky,8124,731,100
modular synth,12921,473,101
modular techno,1342,1099,100
molam,11808,858,100
moldovan pop,3887,746,101
mollywood,12786,802,105
mongolian alternative,8533,556,100
mongolian folk,17370,376,100
mongolian hip hop,4493,1121,100
mongolian pop,5843,870,100
montana indie,11318,670,100
montana metal,7621,221,100
montana roots,12795,667,100
montenegrin pop,6421,806,100
monterrey indie,5494,556,102
montreal indie,9776,646,101
moog,16139,581,100
moombahton,2399,1009,104
moorish traditional,14823,939,100
moravian folk,20451,475,100
morelos indie,6741,492,102
morna,12573,903,101
moroccan pop,8186,837,103
moroccan traditional,15647,921,100
motivation,16219,1328,101
motown,12413,777,108
mountain dulcimer,18586,849,100
movie tunes,16335,705,107
mpb,14082,806,110
mpb gospel,14118,593,100
multidisciplinary,11406,586,100
mumbai indie,10350,563,100
mundart,9002,874,101
munich electronic,1232,1254,100
munich indie,8030,670,101
murcia indie,6837,499,102
murga,15510,899,100
music box,15194,973,102
music hall,19808,862,100
musica acoriana,10246,815,100
musica afroperuana,13745,1105,100
musica aguascalentense,13022,990,100
musica alagoana,11066,881,101
musica amapaense,9921,760,100
musica andina,15285,929,101
musica andina chilena,15361,813,101
musica andina colombiana,13733,1056,100
musica andorra,2229,1094,100
musica angolana,7311,990,102
musica antigua,20439,515,100
musica aragonesa,11734,703,102
musica ayacuchana,14168,1007,101
musica baiana,11354,889,100
musica bajacaliforniana,12574,1062,103
musica bautista,17254,561,100
musica blumenauense,11031,636,100
musica brasiliense,12811,802,100
musica cabo-verdiana,9883,868,100
musica calabrese,10283,772,100
musica campechana,6942,1132,101
musica campineira,10994,604,100
musica campista,9933,650,100
musica canaria,14723,788,101
musica capixaba,8576,843,101
musica caririense,9895,821,100
musica catalana,7029,810,101
musica catarinense,10562,817,100
musica cearense,11143,795,100
musica chiapaneca,10109,1146,100
musica chihuahuense,9294,899,106
musica coahuilense,8939,1108,101
musica colimense,13697,1005,100
musica colombiana instrumental,14934,883,100
musica costarricense,13010,824,100
musica costena,10833,1112,102
musica criolla,15254,1130,101
musica crista reformada,13318,460,101
musica cristiana guatemalteca,11567,891,101
musica de fondo,18878,127,104
musica de intervencao,16026,758,100
musica duranguense,12911,1068,100
musica ecuatoguineana,11717,1011,100
musica eletronica brasileira,3711,1070,100
musica eletronica gospel,2936,744,100
musica etnica,13713,604,100
musica evangelica instrumental,14860,372,100
musica feirense,10533,977,100
musica folk asturiana,13022,386,100
musica gaucha,6563,975,101
musica gaucha tradicionalista,13429,1009,102
musica goiana,12959,779,100
musica guerrerense,13540,1086,100
musica guineense,9567,1058,100
musica hondurena,11615,1062,100
musica indigena brasileira,13672,885,100
musica indigena latinoamericana,13454,913,100
musica indigena mexicana,13161,1015,100
musica infantil,13628,986,104
musica infantil catala,14082,990,100
musica instrumental cristiana,12749,746,101
musica istmena,11992,1094,100
musica jalisciense,11643,951,101
musica jibara,14711,1015,100
musica juiz-forana,10763,746,101
musica llanera,16202,1004,101
musica lombarda,14909,815,100
musica londrinense,8741,858,100
musica madeirense,11931,777,101
musica mallorquina,10068,646,100
musica mapuche,14021,839,100
musica maranhense,11754,881,101
musica maringaense,6928,469,100
musica mato-grossense,12949,621,100
musica menorquina,14651,739,100
musica mexicana,13121,986,126
musica mexiquense,9026,901,100
musica michoacana,13957,973,100
musica mixteca,11489,1032,100
musica mocambicana,10648,967,100
musica mogiana,13262,881,100
musica morelense,13136,1007,100
musica nayarita,12116,1103,101
musica neoleonesa,12053,1106,101
musica nicaraguense,12178,907,101
musica nortena chilena,12621,830,100
musica nublensina,16540,1040,100
musica oaxaquena,13096,1028,101
musica occitana,11366,810,100
musica otavalena,7981,786,100
musica para criancas,13969,984,101
musica para ninos,15985,659,105
musica paraibana,10849,851,100
musica paranaense,12252,781,100
musica per bambini,8248,931,101
musica pernambucana,11492,889,100
musica piauiense,11667,860,100
musica piemonteisa,14724,951,100
musica pitiusa,12007,515,100
musica poblana,4111,1148,101
musica ponta-grossense,8374,711,100
musica popular amazonense,11017,899,100
musica popular colombiana,12611,1157,104
musica popular mineira,14884,583,101
musica popular paraense,8828,885,101
musica popular uruguaya,14229,862,100
musica portuguesa contemporanea,14427,716,100
musica potiguar,11292,872,100
musica potosina,12562,1081,101
musica prehispanica,12634,795,100
musica puntana,9243,689,100
musica purepecha,10258,868,100
musica queretana,12252,919,100
musica quintanarroense,4236,967,100
musica rapa nui,12426,799,100
musica rondoniense,7323,689,100
musica roraimense,8161,770,100
musica sammarinese,11317,770,100
musica santomense,5908,996,101
musica sarda,14688,642,101
musica sergipana,10081,729,100
musica sinaloense,13479,1062,101
musica sinfonica,18890,331,100
musica sonorense,13298,1082,103
musica sudcaliforniana,13709,1000,101
musica sul-mato-grossense,10271,815,100
musica tabasquena,8470,1175,101
musica tamaulipeca,12660,971,101
musica timor-leste,15411,751,100
musica tlaxcalteca,8261,945,102
musica tradicional cubana,16745,1023,102
musica tradicional dominicana,14058,969,100
musica triste brasileira,11391,889,102
musica tropical guatemalteca,8409,1126,100
musica urbana oaxaquena,8176,1099,100
musica valenciana,13540,797,100
musica wixarika,12760,1097,100
musica yucateca,17020,868,100
musical advocacy,9230,490,101
musicas espiritas,16657,885,100
musiikkia lapista,11305,736,100
musiikkia lapsille,13983,893,101
musik anak-anak,7483,943,101
musikkorps,18761,821,100
musiqi-ye zanan,17095,588,100
musique acadienne,10726,680,100
musique alsacienne,14576,872,100
musique ancienne,20456,181,100
musique centrafricaine,13721,1041,100
musique comorienne,10821,1026,100
musique concrete,19521,425,100
musique guadeloupe,5040,1032,101
musique mahoraise,9114,1049,100
musique mandingue,13819,1002,100
musique mariage algerien,5730,802,100
musique mauritanienne,12203,980,100
musique militaire,20410,517,100
musique nigerienne,11742,915,100
musique peule,13896,945,100
musique pour enfant quebecois,14131,1077,100
musique pour enfants,17400,194,102
musique soninke,14611,1123,100
musique tahitienne,10411,832,100
musique tchadienne,10858,1043,100
musique touareg,14996,903,100
musique traditionnelle comorienne,13491,919,100
musique traditionnelle congolaise,14355,992,100
musique urbaine brazzaville,10982,1066,100
musique urbaine kinshasa,12338,990,101
muzica ardeleneasca,17424,571,100
muzica banateana,14762,870,100
muzica bisericeasca,21975,292,100
muzica copii,11452,1036,100
muzica crestina,12844,506,100
muzica etno,8690,1084,100
muzica lautareasca,17621,753,100
muzica maramureseana,16277,694,100
muzica moldoveneasca,6324,949,100
muzica populara,18147,618,100
muzica usoara,14180,588,100
muziek voor kinderen,12587,1043,103
muzika l'yeladim,14871,996,100
myanmar gospel,12227,471,100
myanmar hip hop,5248,1092,100
myanmar indie,7943,609,100
naat,16920,674,100
nadaswaram,17633,839,100
nagaland indie,8878,744,100
nagpuri pop,7054,866,101
naija old school,6754,994,100
naija worship,11919,519,103
namibian pop,5224,1071,100
nantes indie,8063,700,101
narco rap,6350,1210,102
narodna muzika,11747,581,102
narodnozabavna,12835,969,100
nasheed,15809,686,103
nashville americana,12783,627,101
nashville hip hop,6475,1036,103
nashville indie,9664,460,101
nashville singer-songwriter,13576,519,102
nashville sound,16394,774,104
nasyid,12709,593,101
native american black metal,10819,110,100
native american contemporary,11820,731,101
native american flute,20505,352,101
native american hip hop,8765,1021,100
native american metal,8540,260,100
native american spiritual,14541,975,100
native american traditional,16577,479,102
naturjodel,20492,315,100
navajo,18410,804,100
ndombolo,11129,868,101
neapolitan funk,5400,1013,100
necrogrind,9697,136,100
necrotrap,5603,760,101
nederlandse hardstyle,2143,883,102
nederpop,12338,615,102
nederreggae,7298,1051,101
neo classical metal,7608,225,101
neo grime,4208,627,100
neo honky tonk,11679,689,100
neo kyma,16598,618,100
neo mellow,10411,568,113
neo metal,5322,362,100
neo r&amp;b,8753,929,102
neo soul,13763,772,111
neo soul-jazz,6990,933,100
neo-classical,20923,512,105
neo-crust,10612,117,100
neo-industrial rock,2133,449,100
neo-kraut,7385,486,100
neo-manele,5474,979,100
neo-pagan,13874,517,100
neo-progressive,10880,300,101
neo-proto,8924,431,100
neo-psicodelia brasileira,12215,435,100
neo-psychedelic,10600,388,106
neo-rockabilly,11692,777,100
neo-singer-songwriter,13601,591,103
neo-synthpop,2718,734,108
neo-trad doom metal,11283,247,100
neo-trad metal,5590,207,100
neo-trad prog,9847,302,100
neo-traditional bluegrass,13626,697,101
neo-traditional country,9625,650,101
neoclassical darkwave,16219,341,102
neoclassicism,21852,372,101
neofolk,11806,313,100
neomelodici,7731,686,102
neon pop punk,4483,344,108
neoperreo,4617,1101,103
neotango,7755,939,100
nepali indie,9586,700,101
nepali pop,10337,718,101
nephop,8224,1099,101
nerdcore,6575,1011,101
nerdcore brasileiro,7448,615,102
neru,19667,225,101
neue deutsche harte,2878,433,104
neue deutsche todeskunst,4383,431,101
neue deutsche welle,7002,841,102
neue neue deutsche welle,4571,786,102
neue volksmusik,12042,905,101
neurofunk,1725,929,101
neurostep,1882,901,100
new age,15430,400,103
new age piano,21449,705,103
new americana,14205,618,106
new beat,2194,883,102
new brunswick indie,11808,571,100
new comedy,19638,1075,101
new delhi indie,7149,630,101
new england americana,14303,599,101
new england emo,8136,315,101
new england experimental,14500,376,100
new england hardcore,10527,220,100
new england metal,9647,192,100
new french touch,2964,955,105
new hampshire indie,9832,508,100
new isolationism,12044,289,100
new italo disco,906,895,101
new jack smooth,5921,893,100
new jack swing,4135,984,105
new jersey hardcore,10868,304,102
new jersey indie,10831,408,103
new jersey punk,10196,296,102
new jersey rap,9907,1047,104
new jersey underground rap,10635,1094,102
new mexico music,12030,868,100
new orleans americana,14835,758,100
new orleans blues,16482,905,101
new orleans funk,13286,1021,101
new orleans indie,12425,475,100
new orleans jazz,19433,1002,102
new orleans rap,7521,1073,108
new orleans soul,14859,945,100
new rave,2688,815,105
new romantic,4646,689,113
new school turkce rap,10383,979,102
new tejano,7768,841,100
new tribe,14021,758,101
new wave,5140,607,113
new wave of glam metal,4075,266,100
new wave of osdm,11076,78,100
new wave of speed metal,8173,149,100
new wave of thrash metal,7088,242,101
new wave pop,5552,705,115
new weird america,15771,501,101
new weird finland,16127,508,100
new york death metal,11588,131,100
new york drill,8063,1128,104
new zealand classical,19359,495,100
newcastle indie,9676,366,100
newcastle nsw indie,9119,404,102
newfoundland indie,12400,508,100
ney,18569,386,100
ngoni,13745,1023,100
nhac thieu nhi,7103,955,100
nice indie,7286,499,100
nigerian hip hop,9705,1082,105
nigerian pop,9344,1068,111
nightcore,5212,788,102
nightrun,2747,348,101
nintendocore,6493,323,102
nisiotika,15070,607,100
nitzhonot,482,893,100
nl folk,11355,663,100
no beat,4267,1384,102
no wave,10325,561,101
noel quebecois,14685,533,100
nohay,17680,554,100
noise,12887,167,100
noise pop,10637,337,105
noise punk,11247,272,100
noise rock,11002,285,102
noisecore,11441,179,100
nordic ambient,15371,234,100
nordic classical piano,21804,501,100
nordic contemporary classical,21669,223,100
nordic folk,15196,469,101
nordic folk metal,5480,198,101
nordic house,2278,864,102
nordic orchestra,20410,220,100
nordic post-rock,11600,170,101
nordic shoegaze,7100,221,100
nordic soundtrack,15576,266,102
nordnorsk musikk,12227,655,100
nordnorsk ponk,9156,240,100
nordnorsk rap,6187,994,100
normal indie,11844,524,100
norman ok indie,11588,429,100
norrbotten indie,12524,452,100
norrlandsk hip hop,11130,998,100
norsk lovsang,11044,435,100
norske viser,15159,741,101
norteno,12859,1021,122
norteno-sax,9369,915,104
north alabama indie,10970,593,100
north carolina emo,6766,292,101
north carolina hip hop,9529,1071,107
north carolina indie,12807,460,101
north carolina metal,9798,214,100
north carolina roots,15098,721,102
north dakota indie,13824,499,100
north east england indie,8714,475,101
north moroccan rap,9983,1038,100
northamptonshire indie,6001,443,100
northeast indian hip hop,9201,996,100
northeast indian indie,8448,655,100
northern irish indie,6309,425,102
northern irish punk,9402,416,100
northern soul,12909,746,103
northumbrian folk,18118,864,100
northwest china indie,9404,581,100
norwegian alternative rock,9500,274,100
norwegian americana,13269,521,100
norwegian black metal,10514,53,101
norwegian blues,12498,736,100
norwegian choir,21023,163,100
norwegian classical,22036,329,101
norwegian contemporary jazz,15998,636,100
norwegian country,9118,639,101
norwegian death metal,10086,108,100
norwegian doom metal,10269,192,100
norwegian experimental,13922,350,100
norwegian folk,19696,449,100
norwegian folk rock,11685,488,101
norwegian gospel,14315,618,100
norwegian hardcore,8382,151,100
norwegian hip hop,7692,1023,102
norwegian house,1897,1128,100
norwegian indie,11157,530,104
norwegian jazz,17504,581,101
norwegian metal,9206,108,101
norwegian pop,8802,624,105
norwegian pop rap,7166,1009,102
norwegian prog,10794,346,100
norwegian psychedelic,11222,266,100
norwegian punk,10308,358,100
norwegian punk rock,7200,253,100
norwegian rock,9786,374,101
norwegian singer-songwriter,14402,533,101
norwegian space disco,1978,1134,100
norwegian techno,1922,1094,100
norwegian trap,7876,1092,101
nottingham hip hop,10957,1071,101
nottingham indie,10724,458,101
nouvelle chanson francaise,11280,758,104
nova canco,18060,760,101
nova mpb,11542,841,106
nova musica amazonense,8638,549,100
nova musica carioca,11416,839,101
nova musica maranhense,9014,847,100
nova musica paulista,11230,864,100
nova musica pernambucana,10448,793,101
novelty,13733,965,101
novo rock gaucho,7805,431,100
novos talentos brasileiros,12006,734,100
nu age,17388,210,101
nu disco,1515,1084,103
nu electro,1478,1219,100
nu gabber,2216,925,101
nu gaze,6419,212,103
nu jazz,5453,967,104
nu metal,5839,335,118
nu skool breaks,1552,1025,101
nu-cumbia,4893,1055,104
nu-metalcore,3937,296,103
nubian traditional,13528,887,100
nueva cancion,17709,911,103
nueva ola chilena,15833,593,101
nueva ola peruana,13651,581,100
nueva trova chilena,15839,806,100
nuevo flamenco,14180,921,100
nuevo folklore argentino,11968,961,101
nuevo folklore mexicano,13850,799,102
nuevo tango,19901,633,100
nursery,13540,969,105
nwobhm,9697,232,103
nwocr,5406,287,101
nwothm,7136,216,100
ny roots,11355,734,100
nyahbinghi,10882,1125,100
nyc metal,10055,122,100
nyc pop,8249,753,103
nyc rap,11553,1051,106
nyckelharpa,17475,382,100
nyhc,10330,300,101
nz alternative rock,8062,348,100
nz children's music,13339,1030,100
nz christian,11331,443,100
nz dnb,2309,891,100
nz electronic,2553,986,101
nz folk,13639,576,100
nz gangsta rap,5916,1128,100
nz hardcore,7633,214,100
nz hip hop,5830,1055,101
nz indie,9132,460,101
nz jazz,14884,808,100
nz metal,7322,192,100
nz pop,7631,804,104
nz punk,8578,283,100
nz reggae,4520,1055,102
nz singer-songwriter,12998,554,101
oakland hip hop,7913,1073,103
oakland indie,9859,471,102
oaxaca indie,10788,797,100
oberkrainer,14007,959,100
oc indie,8481,559,101
oc rap,8176,1038,102
occult black metal,10953,29,100
ocean,17370,10,103
oceania soundtrack,16043,207,101
odia bhajan,14921,758,100
odia pop,11479,758,103
oeteldonk,14589,870,100
ohangla,12986,1045,100
ohio hardcore,11478,223,100
ohio hip hop,7026,1005,105
ohio indie,11380,398,100
oi,9094,304,101
ok indie,11673,530,100
okc indie,10012,414,101
okinawan folk,10411,667,101
okinawan pop,5845,576,102
oklahoma country,9157,473,102
oktoberfest,4442,763,101
old school atlanta hip hop,4186,1086,104
old school bassline,2277,1155,101
old school dancehall,6286,1210,101
old school ebm,1417,1045,100
old school hard trance,2613,889,100
old school highlife,10008,1073,100
old school hip hop,3054,1245,104
old school nederhop,6072,1040,100
old school rap francais,10308,1068,103
old school thrash,10048,238,107
old school uk hip hop,2569,1170,100
old west,14699,887,101
old-time,19404,953,101
old-time fiddle,16349,708,100
oldschool deutschrap,9406,1064,101
olympia wa indie,12562,556,101
omaha indie,10994,484,101
one-person band,10438,593,100
ontario indie,10428,484,101
opera,22268,315,101
opera chorus,22355,312,100
opera metal,7571,198,102
operatic pop,18235,268,104
operetta,21486,524,101
opm,12474,563,111
oratory,20047,1157,100
orchestra,19871,227,101
orchestral performance,21254,368,100
orchestral soundtrack,17224,247,108
orebro indie,9463,412,101
organetto,12821,1081,100
organic ambient,19487,67,101
organic electronic,1812,1244,102
organic house,697,1332,102
orgcore,8432,285,101
oriental classical,21522,348,100
oriental metal,6616,214,101
orkiestra symfoniczna,21157,223,100
orkney and shetland folk,17371,510,100
orlando indie,8836,458,101
oromo pop,7447,957,100
orquesta cubana,15863,941,100
orquesta tipica,20339,998,100
orquesta tropical,10555,1097,100
orquestas de galicia,7335,957,100
orthodox chant,21194,306,101
oshare kei,4179,325,101
oslo indie,10220,437,100
ostrock,9429,718,101
ostschlager,14860,609,100
otacore,7261,607,108
oth indie,10452,506,100
otroske pesmice,14564,821,100
ottawa indie,8632,456,100
ottawa rap,7092,1068,102
oud,18819,815,100
oulu indie,8836,376,100
oulu metal,7039,160,100
outer hip hop,9127,1045,100
outlaw country,14946,893,108
outsider,15442,583,101
outsider house,3887,915,101
oxford choir,21571,145,100
oxford indie,8124,437,105
oyun havasi,10672,959,102
p funk,8360,1009,103
p-pop,6458,774,104
pacific islands gospel,8149,697,100
pacific islands pop,5643,982,102
pagan black metal,10440,67,101
pagode,11529,830,110
pagode baiano,11628,1106,104
pagode novo,11955,795,109
pahadi pop,5435,731,100
paidika tragoudia,13390,965,100
paisley underground,10440,420,101
pakistani electronic,2572,1002,100
pakistani folk,15021,777,101
pakistani hip hop,7508,1110,104
pakistani indie,9453,633,101
pakistani pop,10374,748,103
pakistani rock,9205,540,100
palestinian alternative,11994,799,100
palestinian hip hop,10709,967,101
palestinian pop,11919,804,101
palestinian traditional,15734,683,100
palm desert scene,11031,358,102
palm wine guitar,15161,1047,100
panamanian indie,7706,615,100
panamanian pop,8614,1081,104
panamanian rock,6099,551,100
panpipe,13010,556,100
pansori,18089,1079,100
papuan traditional,18206,578,100
papuri,12130,466,101
paracana,12524,576,100
paraguayan indie,7631,655,100
paraguayan rock,6259,578,100
parody,12055,945,102
partido alto,12973,911,102
partyschlager,1899,799,103
pashto pop,14897,767,100
pasodobles,16715,677,100
pastoral,17074,394,101
pei indie,12351,547,100
pennsylvania hardcore,11320,249,100
permanent wave,8984,488,124
perreo,2659,1290,104
persian alternative,13297,639,100
persian drill,10574,1028,100
persian electronic,3473,1049,101
persian hip hop,9516,980,102
persian melodic rap,8397,955,101
persian neo-traditional,18845,540,100
persian poetry,19462,609,100
persian pop,8865,804,103
persian rock,10450,601,101
persian sad rap,7618,933,100
persian traditional,19942,573,100
persian trap,7055,1002,100
persian underground hip hop,12079,937,100
perth hip hop,8114,1064,100
perth indie,9266,481,101
peruvian death metal,10599,154,100
peruvian experimental,12897,368,100
peruvian hip hop,10587,1125,101
peruvian indie,7781,713,101
peruvian metal,7866,229,100
peruvian punk,9328,376,100
peruvian rock,8546,588,102
pet calming,19270,431,102
philly drill,7704,1119,101
philly indie,10097,352,104
philly rap,10096,1038,106
philly soul,11267,765,103
phleng phuea chiwit,10184,767,101
phoenix indie,7988,433,100
phonk,2818,1066,103
phonk brasileiro,6929,1094,106
piada,19345,1299,100
pianissimo,19725,751,102
piano blues,18247,913,102
piano cover,19492,724,104
piano house,1232,1170,100
piano mpb,17992,779,100
piano rock,12549,588,110
piano worship,18177,746,102
pibroch,18440,145,100
piedmont blues,20030,1079,100
pilates,16160,372,100
pink noise,3373,760,102
pinoy alternative rap,6387,1119,102
pinoy alternative rock,10748,554,100
pinoy city pop,9257,788,102
pinoy drill,5998,1082,102
pinoy edm,2977,905,100
pinoy hip hop,6678,1081,105
pinoy idol pop,4726,849,101
pinoy indie,9982,711,102
pinoy indie rock,9478,593,101
pinoy metal,9959,319,100
pinoy pop punk,6753,341,101
pinoy praise,12240,443,100
pinoy r&amp;b,7767,941,104
pinoy reggae,9051,845,103
pinoy rock,8371,561,103
pinoy shoegaze,9132,312,100
pinoy singer-songwriter,13688,646,102
pinoy traditional,14378,901,100
pinoy trap,6463,1030,103
pipa,20310,847,100
pirate,8013,412,101
piratenmuziek,9495,748,101
piseiro,5026,1212,103
pittsburgh indie,11173,456,101
pittsburgh indie rock,8899,374,100
pittsburgh metal,11186,187,100
pittsburgh rap,9945,1025,106
pittsburgh rock,9094,410,100
pixel,7103,860,108
pixie,4062,370,106
plena uruguaya,13378,979,101
plug brasileiro,6121,1056,101
plugg,6084,955,107
plugg en espanol,5972,957,100
plugg francais,6818,1011,101
pluggnb,6524,885,109
plunderphonics,10135,753,100
png pop,4471,887,100
poetry,16745,1354,100
poezja spiewana,15046,779,101
pohadky,17884,1182,100
polca paraguaya,18013,897,100
police band,15693,251,100
polish alternative,8853,694,103
polish alternative rap,10808,1007,102
polish alternative rock,6754,477,101
polish ambient,13071,335,100
polish black metal,9328,88,100
polish blues,10855,663,101
polish choir,21926,185,100
polish classical,22238,422,102
polish classical piano,22648,501,100
polish contemporary classical,21474,277,100
polish death metal,8577,133,100
polish drill,7546,1077,102
polish early music,21938,174,100
polish electronica,4559,770,100
polish experimental,13047,341,100
polish experimental electronic,9515,624,100
polish folk,14636,596,100
polish folk metal,9414,209,100
polish free jazz,18569,561,100
polish hardcore,8334,289,100
polish hip hop,8038,1047,110
polish indie,7594,618,102
polish indie rock,6579,416,100
polish jazz,16891,793,100
polish metal,7645,192,101
polish metalcore,4588,170,100
polish modern jazz,17329,596,100
polish noise rock,11076,283,100
polish old school hip hop,5879,1108,101
polish pop,6233,659,105
polish post-punk,7643,526,101
polish post-rock,8656,270,100
polish prog,9700,368,100
polish psychedelia,11368,378,100
polish punk,7335,427,101
polish reggae,5362,856,101
polish rock,8311,554,102
polish synthpop,5696,593,100
polish techno,840,1233,100
polish thrash metal,7510,209,100
polish trap,6236,1040,107
polish underground rap,6375,1051,102
polish viral pop,4467,1041,103
polish viral rap,6010,1108,102
political hip hop,11504,992,104
polka,14107,813,100
polka nortena,13684,1034,100
polynesian hip hop,8188,1073,100
polynesian traditional,18556,760,100
polyphonies corses,17663,335,100
polyphony,19825,258,100
pontian folk,16540,607,100
pontianak indie,8849,501,100
pop,4997,783,160
pop ambient,7161,724,101
pop argentino,5742,845,107
pop boliviano,7014,977,100
pop catracho,5891,1125,100
pop chileno,8915,790,102
pop costarricense,10758,1036,100
pop cristiano,7556,506,101
pop dance,2608,779,121
pop edm,3390,713,105
pop electronico,3507,815,103
pop emo,3887,325,106
pop flamenco,9955,849,106
pop folk,14611,540,102
pop house,1812,941,104
pop lgbtq+ brasileira,9331,949,104
pop minang,5398,537,102
pop nacional,6928,935,109
pop nacional antigas,12860,674,102
pop paraguayo,5772,913,100
pop peruano,7594,911,101
pop punk,4549,327,113
pop quebecois,9278,612,102
pop r&amp;b,8101,911,106
pop rap,5285,1043,128
pop rap brasileiro,12301,996,104
pop reggaeton,4793,1115,108
pop rock,6766,469,113
pop rock brasileiro,6208,563,105
pop romantico,14143,607,104
pop soul,9831,799,108
pop teen brasileiro,6615,945,102
pop urbaine,9076,1092,115
pop venezolano,6311,1082,108
pop violin,14115,306,102
pop virale italiano,8515,909,102
pop worship,9761,360,101
popgaze,10599,312,101
popping,4267,1146,101
pops orchestra,18790,296,100
popullore jugu,8677,779,100
popwave,2762,556,101
pornogrind,9933,209,100
porro,12041,1125,101
portland hip hop,10746,1009,102
portland indie,11575,477,102
portland metal,10721,127,100
portland punk,10575,321,100
portsmouth indie,8249,447,100
portuguese black metal,8358,101,100
portuguese classical,21669,464,100
portuguese contemporary classical,21072,416,100
portuguese death metal,7162,165,100
portuguese early music,21364,287,100
portuguese experimental,14278,512,100
portuguese folk,15046,576,100
portuguese hardcore,8236,216,100
portuguese indie,10227,601,100
portuguese indie rock,7906,473,100
portuguese jazz,17914,700,100
portuguese metal,6333,205,100
portuguese pop,8977,870,102
portuguese post-rock,11526,277,100
portuguese rock,10831,609,101
portuguese techno,500,1221,100
post-black metal,10624,50,100
post-disco,5326,1023,103
post-disco soul,3444,1099,100
post-doom metal,11490,127,101
post-grunge,5075,372,118
post-hardcore,9660,281,104
post-metal,10697,133,101
post-minimalism,20293,418,102
post-post-hardcore,4191,203,101
post-punk,9377,492,104
post-punk argentina,7041,729,104
post-punk brasileiro,5256,445,100
post-punk colombiano,3578,528,100
post-punk latinoamericano,5373,445,100
post-punk mexicano,3916,412,100
post-rock,11835,234,102
post-rock latinoamericano,10711,287,100
post-romantic era,22151,308,104
post-screamo,3156,253,101
post-teen pop,4676,711,112
pov: indie,7866,615,126
power blues-rock,10945,573,100
power electronics,13355,122,100
power metal,5740,203,106
power noise,2572,601,100
power pop,9439,462,104
power thrash,7003,247,100
power-pop punk,7212,304,101
powerviolence,11051,178,100
powwow,12215,824,100
poznan indie,7224,469,100
prague indie,8947,526,100
praise,12166,583,101
prank,20134,1263,100
pre-war blues,21975,1170,100
prepared piano,16423,683,100
preschool children's music,8976,1144,104
previa,3594,1285,104
prog metal,7432,268,102
prog quebec,13849,503,100
progressive alternative,7707,344,100
progressive black metal,9142,111,100
progressive bluegrass,15349,751,103
progressive breaks,947,1041,100
progressive death metal,9737,185,101
progressive deathcore,5676,190,101
progressive doom,9525,158,100
progressive electro house,2016,828,110
progressive groove metal,7792,242,102
progressive house,2089,721,110
progressive jazz fusion,11771,510,101
progressive metal,7878,247,104
progressive metalcore,4124,190,102
progressive post-hardcore,6481,279,102
progressive power metal,5866,247,101
progressive psytrance,701,1148,101
progressive rock,12672,412,108
progressive sludge,9908,158,101
progressive technical death metal,8861,161,100
progressive thrash,7694,231,100
progressive trance,1870,549,103
progressive trance house,1430,1041,101
progressive uplifting trance,1488,456,101
protest folk,20836,1092,100
proto-hyperpop,5460,834,102
proto-metal,11844,410,102
proto-rap,4705,1287,100
proto-techno,5126,872,101
protopunk,12276,492,104
psalmen,20894,118,100
psalms,16598,492,100
psicodelia brasileira,12896,716,101
psicodelia chilena,14663,741,100
psicodelia mexicana,8763,281,100
psybass,2977,992,100
psybreaks,1133,1105,100
psych gaze,8730,196,100
psychedelic blues-rock,12832,490,100
psychedelic doom,10990,214,101
psychedelic folk,15021,646,101
psychedelic folk rock,14081,571,100
psychedelic hip hop,8989,841,103
psychedelic jazz fusion,12044,521,100
psychedelic pop,10061,506,101
psychedelic punk,10968,317,100
psychedelic rock,13945,604,111
psychedelic soul,11206,819,102
psychedelic space rock,11894,133,100
psychedelic trance,789,1064,102
psychill,3828,705,101
psychobilly,9206,429,101
psychokore,6133,996,101
psydub,3493,911,100
psytech,524,1340,100
pub rock,9390,563,101
puerto rican folk,15119,994,101
puerto rican indie,8362,703,100
puerto rican metal,10245,225,100
puerto rican pop,6290,933,111
puerto rican rock,8100,724,102
puglia indie,5640,627,100
puirt-a-beul,19813,454,101
pune indie,18206,1099,100
punjabi folk,15751,949,100
punjabi hip hop,7202,1095,107
punjabi lo-fi,8533,746,101
punjabi pop,10481,1005,113
punk,8873,350,111
punk 'n' roll,8161,221,101
punk blues,11857,437,104
punk catala,6137,412,100
punk chileno,9267,344,100
punk colombiano,6370,400,100
punk cover,3068,291,100
punk ecuatoriano,10190,431,100
punk euskera,5594,420,100
punk galego,6825,441,100
punk melodico chileno,8197,275,100
punk mexicano,11063,317,100
punk rock italiano,6223,396,100
punk rock mexicano,7780,392,101
punk ska,7829,578,100
punk tico,7658,362,100
punk tuga,7682,402,100
punk urbano,5386,396,102
punta,6805,1041,100
punta rock,6915,1021,100
purple sound,3054,933,100
purulia pop,5056,724,100
pygmy music,16915,851,100
qanun,16952,810,100
qawwali,14589,779,102
quarteto gospel,14290,449,100
quartetto d'archi,18498,429,100
quatuor a cordes,21389,384,100
quebec death metal,8478,207,100
quebec hardcore,7768,231,100
quebec indie,9426,473,102
quebec metal,6370,285,100
quebec punk,6641,386,100
queens hip hop,9606,1070,108
queer country,13404,581,101
queercore,8407,495,101
quiet storm,10991,813,108
quran,21128,674,102
r&amp;b,6238,919,123
r&amp;b argentino,9394,923,103
r&amp;b brasileiro,9730,971,104
r&amp;b en espanol,5718,1073,107
r&amp;b francais,8210,1015,109
r&amp;b italiano,8564,828,101
rabindra sangeet,19082,561,101
rabm,9385,47,100
raboday,3256,1125,100
radio symphony,21242,283,100
raga rock,13527,439,100
rage rap,4454,957,111
ragga jungle,2119,1108,101
raggatek,1576,915,100
ragtime,20526,1075,100
rai,7864,824,102
rai algerien,9780,779,101
rain,16949,45,109
rajasthani folk,16231,736,100
rajasthani pop,6754,872,101
rakugo,19287,1224,100
ramonescore,5455,294,100
ranchera,14637,834,115
rap,5866,1068,144
rap abc paulista,12004,1041,100
rap alagoano,8384,1071,100
rap algerien,10370,1082,103
rap angolano,11803,1011,101
rap anime,9706,996,101
rap antillais,10283,1045,101
rap baiano,10784,1079,103
rap baixada fluminense,12191,998,101
rap belge,8540,1084,103
rap boricua,11390,1073,102
rap burkinabe,7864,1088,100
rap calme,11680,1032,103
rap canario,7030,1117,105
rap capixaba,10033,1056,101
rap catala,10221,1073,103
rap catarinense,9879,1043,100
rap cearense,9164,1056,102
rap chileno,11815,1090,102
rap chretien,9088,979,100
rap conciencia,12734,1049,106
rap congolais,12326,1070,100
rap conscient,10771,1051,108
rap criolo,12227,1058,101
rap cristao,9504,1041,101
rap cristiano,7459,1079,103
rap df,7129,1148,104
rap dominicano,6135,1203,104
rap ecuatoguineano,5594,1226,100
rap ecuatoriano,6842,1143,100
rap espanol,13311,1047,103
rap euskera,12375,1077,100
rap femenino mexicano,7484,1110,100
rap feminino chileno,11913,1041,100
rap feminino nacional,10122,1073,102
rap francais,8502,1106,110
rap francais nouvelle vague,9555,1000,101
rap gabonais,10233,1079,100
rap galego,7606,917,100
rap gasy,8051,1135,100
rap gaucho,10445,1056,100
rap geek,7719,826,102
rap genovese,7496,979,103
rap guarulhense,7128,971,100
rap guineen,10945,1094,100
rap inde,12611,1045,101
rap italiano old school,9102,1049,101
rap ivoire,9817,1045,100
rap kreyol,9743,1070,101
rap latina,5401,1148,106
rap liegeois,10469,1077,101
rap lyonnais,8359,1119,101
rap malien,7584,1175,100
rap maroc,11290,1058,103
rap maromba,6791,1130,101
rap marseille,8677,1090,105
rap metal,5651,433,113
rap metal espanol,5214,530,100
rap metalcore,5677,533,100
rap mineiro,11252,1079,103
rap mocambicana,11529,1047,100
rap moldovenesc,6212,1095,100
rap montrealais,9015,1066,101
rap motywacja,6615,1090,101
rap nacional antigo,7310,1134,102
rap napoletano,8322,925,105
rap nica,5948,1092,100
rap norteno chileno,11179,1045,100
rap nortista,12240,1026,100
rap paraense,10906,1075,100
rap paraguayo,6200,1130,100
rap paranaense,9492,1025,100
rap pernambucano,9693,1068,100
rap politico,12413,1045,104
rap portuense,7814,1026,100
rap potiguar,9681,1051,100
rap regio,5884,1026,101
rap rock,4632,804,106
rap romantico,12016,1043,101
rap salvadoreno,5806,1135,100
rap sardegna,7741,1094,102
rap sergipano,10134,1017,100
rap siciliano,8816,963,101
rap sureno chileno,11041,1053,100
rap tico,9213,1103,100
rap toscana,7471,990,100
rap tuga underground,12277,1009,100
rap tunisien,10432,1055,102
rap uliczny,8347,1079,102
rap underground argentino,12425,1073,102
rap underground colombiano,8627,1103,101
rap underground espanol,12549,1023,102
rap underground mexicano,7496,1106,102
rap uruguayo,7926,1075,102
rare groove,11218,935,100
rasiya,4273,965,100
raspe,8816,1146,100
rautalanka,9770,479,100
rave,1617,813,102
rave funk,6941,1337,103
raw black metal,10452,76,100
raw techno,395,1210,101
rawstyle,2995,441,103
re:techno,44,1162,100
reading,16686,1377,100
reading indie,5790,392,101
rebel blues,4951,559,103
rebetiko,17008,866,101
recorder,20164,456,100
red dirt,8000,501,104
redneck,4483,925,104
reggae,7322,1212,106
reggae boliviano,5051,897,100
reggae catala,5575,913,101
reggae cover,4583,1004,101
reggae cristao,7643,815,102
reggae do maranhao,5653,1180,102
reggae en espanol,5285,1119,102
reggae fusion,10020,1090,107
reggae gaucho,6336,992,101
reggae maghreb,7864,885,100
reggae mexicano,5162,1062,100
reggae peruano,6691,1028,101
reggae rock,5842,984,104
reggae tico,6817,1117,100
reggae tuga,4939,1055,102
reggae uruguayo,4354,726,102
reggaeton,3087,1173,131
reggaeton chileno,3624,1112,104
reggaeton colombiano,3653,1159,116
reggaeton cristiano,5793,1023,102
reggaeton flow,4909,1144,109
reggaeton mexicano,4033,1097,103
regional mexicano femenil,13553,915,102
reiki,19988,53,100
relaxative,16715,756,101
remix product,1826,765,100
renaissance,21852,244,101
rennes indie,9844,804,100
retro metal,11027,234,100
retro soul,9534,828,102
reunion pop,9027,1060,101
rez country,8714,703,100
rhode island indie,10868,460,100
rhode island rap,10395,996,102
rhythm and blues,16335,854,102
rhythm and boogie,16131,815,100
rhythm game,4646,559,102
rhythm rock,14676,689,100
riddim,10481,1101,101
riddim dubstep,4442,945,101
rif,6029,856,103
ringtone,9326,830,100
rio grande do sul indie,11516,686,100
riot grrrl,9476,416,102
ritmo kombina,7005,1103,101
ritual ambient,13881,192,100
rkt,3010,1352,103
rochester mn indie,11120,481,102
rochester ny indie,11107,477,100
rock,11552,563,141
rock abc paulista,8960,296,100
rock alagoano,6778,559,100
rock alternatif francais,7829,339,101
rock alternativo brasileiro,7199,490,103
rock alternativo espanol,6026,348,101
rock andaluz,10628,650,102
rock baiano,10701,753,101
rock brasiliense,8075,416,102
rock caipira,8509,551,100
rock campineiro,8571,443,100
rock catala,11056,694,102
rock catarinense,6665,380,100
rock catracho,8739,515,100
rock cearense,7039,390,100
rock chapin,7323,535,101
rock cristao fluminense,6284,313,100
rock cristiano,6162,479,104
rock curitibano,7532,528,100
rock dominicano,9057,390,100
rock drums,9231,663,103
rock en asturiano,7658,456,100
rock en espanol,5172,739,115
rock gaucho,8662,561,102
rock goiano,7498,341,100
rock gospel brasileiro,8432,398,103
rock gotico,4705,402,100
rock in opposition,14131,486,100
rock independant francais,6916,549,101
rock kapak,7630,566,102
rock keyboard,13355,544,100
rock mineiro,5665,556,102
rock nacional,15196,718,102
rock nacional brasileiro,7931,650,106
rock nacional feminino,7224,262,100
rock nica,3608,851,100
rock noise,7668,588,100
rock of gibraltar,14218,591,100
rock paraense,6653,348,100
rock paraibano,8186,568,100
rock pernambucano,9069,429,100
rock piauiense,7002,650,101
rock potiguar,8751,506,100
rock progresivo mexicano,13231,495,100
rock progressif francais,14106,506,100
rock quebecois,9934,481,101
rock sergipano,9328,481,100
rock sul-mato-grossense,6965,506,100
rock tico,6641,471,100
rock urbano mexicano,10711,495,103
rock uruguayo,10423,703,103
rock viet,9908,473,101
rock-and-roll,15435,739,108
rockabilly,15522,763,107
rockabilly en espanol,9664,636,100
rocksteady,8495,1210,102
roda de samba,12648,858,101
rogaland indie,12081,460,100
rogaland musikk,11007,607,101
romanian black metal,9230,94,100
romanian classical piano,22387,537,100
romanian contemporary classical,21498,364,100
romanian electronic,877,1349,100
romanian folk,17797,627,100
romanian house,2067,1023,102
romanian indie,6124,556,100
romanian metal,8135,187,100
romanian pop,2898,980,104
romanian punk,6112,512,100
romanian rap,9619,1084,101
romanian rock,7360,596,101
romanian trap,5544,1073,102
romantico,15132,971,102
rome indie,8787,607,104
rominimal,73,1500,100
rondalla,16803,795,100
rongmei pop,9537,566,100
roots americana,11144,604,101
roots reggae,6916,1210,106
roots rock,14045,683,105
roots worship,12117,425,103
rosario indie,6493,524,100
rosary,17154,360,101
rotterdam indie,9611,425,100
rozpravky,15430,1002,100
rumba,12665,925,104
rumba catalana,12673,1017,100
rumba congolaise,14033,939,101
rumeli turkuleri,14021,633,101
rune folk,11392,315,102
russelater,3608,937,103
russian alt pop,6843,799,103
russian alternative rock,7792,479,101
russian black metal,8613,50,100
russian ccm,9844,542,100
russian chanson,3929,919,101
russian choir,22326,88,100
russian classical piano,22531,486,100
russian contemporary classical,21656,335,100
russian dance,4383,957,103
russian dance pop,3156,854,101
russian death metal,5114,221,100
russian dnb,1958,990,100
russian drain,9782,537,103
russian drill,4740,1075,102
russian edm,1856,864,101
russian electronic,3669,925,102
russian emo,6260,348,100
russian emo rap,4863,856,102
russian experimental electronic,6253,839,100
russian folk,19608,530,100
russian folk metal,5990,209,100
russian folk rock,11069,581,101
russian gangster rap,8639,1017,103
russian grime,8804,1009,102
russian hardcore,8086,275,100
russian heavy metal,6677,289,100
russian hip hop,8652,1004,107
russian hyperpop,7299,583,101
russian indie,6148,588,101
russian indie rock,5717,559,101
russian jazz,18189,765,100
russian metal,6149,249,101
russian metalcore,4471,234,101
russian modern classical,21547,386,101
russian modern jazz,16552,581,100
russian nu metal,5989,396,100
russian oi,5965,344,100
russian old school hip hop,10146,1034,100
russian orchestra,21328,258,100
russian pixel,5212,1119,100
russian plugg,5424,939,100
russian pop,3632,847,105
russian pop punk,4099,386,100
russian post-punk,7411,542,102
russian post-rock,8297,232,100
russian power metal,4525,247,100
russian punk,6866,540,102
russian punk rock,5623,519,101
russian rave,2776,907,101
russian reggae,7520,955,101
russian rock,8726,683,103
russian romance,18469,599,100
russian romanticism,21938,337,102
russian screamo,9388,227,100
russian shoegaze,8110,258,100
russian ska,6692,639,101
russian synthpop,2833,772,100
russian techno,1060,1292,100
russian thrash metal,5039,313,100
russian trance,1812,501,100
russian trap,6146,1004,104
russian trap metal,5186,756,100
russian underground rap,12697,984,101
russian viral pop,4292,977,101
russian viral rap,4004,1119,101
russian witch house,3565,462,101
rusyn folk,14093,604,100
ruta destroy,1965,1088,100
rva drill,7055,1105,102
rva indie,11306,524,100
rwandan gospel,11832,561,100
rwandan hip hop,10543,1092,100
rwandan pop,12438,1115,100
rwandan traditional,18498,1017,100
ryukoka,20105,573,100
ryukyu ongaku,13483,736,100
sacramento hip hop,9332,1117,101
sacramento indie,8321,406,104
sacred harp,20994,810,100
sacred steel,13996,618,100
sad lo-fi,10894,975,106
sad rap,7153,982,106
sad sierreno,13185,1005,121
salay,8940,866,100
salon music,18995,454,100
salsa,13887,1049,109
salsa choke,3519,1223,101
salsa colombiana,9443,1125,103
salsa cristiana,11066,1021,100
salsa cubana,13173,1064,101
salsa international,14143,1064,101
salsa peruana,12450,1038,102
salsa puertorriquena,13831,1041,105
salsa urbana,8665,1045,101
salsa venezolana,12772,1097,102
salzburg indie,5698,781,100
samba,15510,849,105
samba de roda,15963,860,102
samba gospel,10810,767,100
samba moderno,12909,881,102
samba paulista,12934,870,102
samba reggae,8076,911,101
samba-enredo,12773,860,102
samba-jazz,18819,856,102
samba-rock,11105,905,102
sambalpuri pop,12042,756,100
sambass,2046,1097,100
sami,13108,568,100
samoan pop,6148,911,100
samurai trap,3026,903,100
san antonio indie,9352,410,100
san antonio rap,6891,1055,100
san diego indie,7522,404,101
san diego rap,8164,1097,101
san marcos tx indie,10818,540,101
sandalwood,10020,923,102
sanfona,10487,895,100
santa fe indie,12252,533,100
santali pop,7993,786,100
santoor,15588,783,100
santur,18732,542,100
saraiki pop,11783,765,100
sarangi,16628,492,100
sardinia indie,7891,458,100
sarod,19375,837,100
saskatchewan indie,11906,510,102
sasscore,11039,264,100
saxony metal,6751,198,100
saxophone house,2805,847,101
saxophone trio,15275,689,100
scam rap,7559,1077,103
scandinavian r&amp;b,7115,905,101
scandipop,3916,911,104
scenecore,4162,456,104
schlager,3127,746,104
school choir,17329,420,100
school ensemble,17750,508,100
schrammelmusik,19784,806,100
schranz,624,992,100
schweizer rap,7410,1117,100
schwyzerorgeli,14576,748,100
sci-fi metal,7112,152,100
scorecore,12560,325,104
scottish americana,14266,578,100
scottish drill,11704,1088,100
scottish electronic,4738,837,101
scottish fiddle,18147,435,100
scottish folk,16051,490,101
scottish gaelic folk,16564,533,100
scottish hip hop,8224,937,100
scottish hush,11234,341,100
scottish indie,8469,392,102
scottish indie folk,14525,427,100
scottish indie rock,5297,372,101
scottish jazz,18072,815,100
scottish metal,6173,203,101
scottish new wave,7372,521,102
scottish rock,7878,406,104
scottish singer-songwriter,13825,636,102
scottish smallpipe,14553,366,100
scottish techno,877,1155,100
scouse rap,9817,1130,100
scratch,5768,1150,100
scream rap,5026,826,102
screamo,6702,249,106
screamocore,6739,229,100
sda a cappella,15784,441,102
sda choir,12464,847,100
sean-nos singing,20468,795,100
seattle hip hop,8310,961,103
seattle indie,9688,469,103
seattle metal,10202,156,100
sebene,9660,874,100
second line,11428,870,100
seemannslieder,16289,716,101
sefardi,17212,559,100
sega,9100,1015,100
sega mauricien,6830,1021,100
seggae,6249,1144,100
seinen,6166,621,100
seiyu,3390,458,101
semarang indie,6235,506,101
semba,8876,971,101
senegalese traditional,15875,1034,100
sepedi pop,4571,986,100
serbian alternative rock,8050,533,100
serbian electronic,395,1303,100
serbian folk,14798,547,100
serbian hip hop,7190,1071,101
serbian indie,8174,524,100
serbian metal,7755,201,100
serialism,21828,366,100
sertanejo,9856,808,117
sertanejo gospel,7756,739,101
sertanejo pop,8728,834,111
sertanejo tradicional,13237,843,106
sertanejo universitario,8841,832,118
sesotho hip hop,9830,975,100
sesotho pop,8384,907,100
sevdah,13084,524,101
sevilla indie,5705,462,100
sevillanas,12947,799,101
seychelles pop,6627,1094,100
sgija,1110,1345,101
shaabi,8049,845,102
shabad,16014,847,101
shakuhachi,21547,306,100
shamanic,15033,630,103
shamisen,13770,1108,100
shanghai indie,12056,469,100
shanty,16260,854,101
shantykoren,18323,354,100
shatta,7142,1159,101
sheffield indie,10269,394,107
shehnai,18907,512,100
sheilat,12934,799,100
shib,5606,1079,100
shibuya-kei,5314,770,101
shimmer pop,5231,573,105
shimmer psych,11551,447,100
shiver pop,6581,689,103
shoegaze,9401,255,107
shoegaze brasileiro,10379,292,100
shoegaze chileno,7719,218,100
shojo,4588,510,101
sholawat,10701,683,102
shonen,6051,327,101
show tunes,16435,615,105
shred,7322,327,101
shush,17621,21,104
siberian folk,10689,731,100
sichuanese hip hop,5351,1070,101
sierra leonean pop,7080,1108,100
sierreno,13402,1032,121
sigilkore,7224,586,106
sinaloa indie,8924,501,100
sindhi,11155,864,100
singaporean electronic,2241,943,100
singaporean hip hop,7888,1030,100
singaporean indie,10919,412,100
singaporean mandopop,12301,588,102
singaporean metal,10904,176,100
singaporean pop,10501,713,103
singaporean punk,7460,291,100
singaporean singer-songwriter,13207,581,101
singeli,5747,955,100
singer-songwriter,14451,670,116
singer-songwriter pop,9101,813,115
singing bowl,19842,136,101
sinhala edm,2290,911,100
sinhala indie,10526,779,101
sinhala pop,10575,819,101
sinhala rap,9369,1025,100
sinogaze,7743,262,100
sirmauri pop,7533,758,100
sitar,16949,609,100
ska,8515,832,104
ska argentino,6642,841,106
ska catala,5658,843,100
ska chileno,5472,872,102
ska espanol,5448,774,101
ska jazz,11353,1084,101
ska mexicano,8236,777,103
ska punk,8075,576,103
ska revival,11865,1023,101
skansk musik,8350,724,101
skate punk,7409,342,105
skiffle,14835,945,100
skinhead oi,10008,317,100
skramz,11551,174,100
skweee,2557,1242,100
sky room,2192,718,103
slack-key guitar,16903,797,100
slam death metal,9291,187,100
slam poetry,15663,1075,100
slamming deathcore,6653,172,101
slap house,2352,868,113
slash punk,10758,183,100
slaskie piosenki,4939,748,100
slavic folk metal,6321,205,100
slavic metal,7731,161,100
slayer,4725,232,102
slc hardcore,9761,232,100
slc indie,7409,443,102
sleaze rock,6075,275,102
sleep,17972,83,109
slovak electronic,1527,1170,100
slovak folk,15312,630,100
slovak hip hop,8298,1013,101
slovak indie,9106,571,100
slovak metal,7026,218,100
slovak pop,10288,633,101
slovak punk,8063,517,101
slovak rock,6411,646,101
slovak trap,5412,1034,101
slovenian electronic,1953,1177,100
slovenian folk,13640,973,100
slovenian hip hop,11303,1079,100
slovenian indie,8959,521,100
slovenian metal,6136,187,100
slovenian pop,8922,642,100
slovenian rock,9795,551,100
slovenske chvaly,12747,599,100
slow game,6265,1000,101
slowcore,14119,466,104
slowed and reverb,9344,901,104
sludge metal,11453,163,102
sludgecore,10831,95,100
slushwave,10855,364,100
small room,13750,515,104
smooth jazz,9768,931,104
smooth saxophone,10220,790,102
smooth soul,5506,959,100
smutny rap,7140,935,101
soca,5519,1084,102
socal indie,10539,425,101
socal pop punk,5665,406,107
social media pop,5645,815,104
soda pop,15693,646,100
soft rock,10613,630,121
solfeggio product,19462,134,101
solipsynthm,2744,751,100
solo wave,10300,503,102
solomon islands pop,3302,1041,100
somali pop,5594,1106,100
somatik techno,2143,1101,100
son cubano,16803,1088,101
son cubano clasico,17154,1058,100
son jarocho,15149,1038,100
song poem,15780,770,100
sonora indie,7236,418,100
sophisti-pop,5961,748,107
sorani pop,12240,751,100
sotalaulut,15796,753,100
soukous,12067,951,101
soul,16511,832,114
soul blues,16423,854,104
soul flow,9406,937,100
soul jazz,17809,843,103
souldies,12974,683,102
soulful house,994,1258,101
sound,16832,52,103
sound art,16803,220,100
sound collage,14897,650,100
sound effects,16173,158,100
sound team,6297,362,102
soundtrack,16511,210,109
south african alternative,7421,802,101
south african choral,16978,670,100
south african country,10640,686,100
south african deep house,1146,1282,101
south african dnb,2584,868,100
south african electronic,4174,1045,100
south african gospel,12376,510,101
south african hip hop,9644,1041,102
south african house,1416,1242,102
south african jazz,11943,891,101
south african metal,5260,268,100
south african modern jazz,16072,683,100
south african pop,5039,885,103
south african pop dance,3037,998,101
south african punk,6049,724,100
south african r&amp;b,11029,933,100
south african rock,5829,420,102
south african soulful deep house,1282,1285,100
south african techno,2002,1146,100
south african trap,9957,1032,101
south african underground rap,8013,1034,100
south asian metal,7731,275,100
south borneo indie,5202,568,100
south carolina hip hop,4224,1070,104
south carolina indie,11230,492,101
south carolina metal,9672,165,100
south dakota indie,8533,416,100
south sudanese pop,5854,1081,100
southampton indie,11268,471,100
southeast asian post-rock,9181,329,100
southern americana,12770,549,102
southern china indie,7981,533,100
southern gospel,13908,530,101
southern hip hop,5426,1055,116
southern metal,7396,283,101
southern rock,12031,547,107
southern soul,13274,845,106
southern soul blues,5138,1045,101
soviet synthpop,4822,864,100
sovietwave,4325,596,101
spa,18644,126,100
space age pop,17266,739,101
space ambient,11417,312,101
space rock,11308,339,101
spacegrunge,8812,234,103
spacesynth,2635,739,100
spacewave,2791,521,101
spanish baroque,20807,596,100
spanish black metal,9994,38,100
spanish blues,11106,736,100
spanish classical,22092,609,101
spanish classical piano,21975,561,100
spanish contemporary classical,20989,354,100
spanish death metal,8466,190,100
spanish electronic,3302,899,100
spanish electropop,2030,925,100
spanish experimental,15471,313,100
spanish folk,14648,618,100
spanish folk metal,7915,229,102
spanish folk rock,10399,586,100
spanish hip hop,12141,1040,107
spanish indie folk,13183,554,100
spanish indie pop,7510,462,104
spanish indie rock,7051,306,100
spanish invasion,15287,694,101
spanish jazz,18673,851,100
spanish metal,5940,283,102
spanish modern rock,5309,366,102
spanish new wave,6195,618,103
spanish noise pop,6506,358,100
spanish pop,6665,758,111
spanish pop rock,6086,674,106
spanish post-punk,6162,341,100
spanish post-rock,9069,266,100
spanish prog,13096,479,100
spanish progressive rock,9291,310,100
spanish psychedelic rock,9983,308,100
spanish punk,6852,416,102
spanish reggae,5781,1105,100
spanish renaissance,21999,346,100
spanish rock,7556,639,105
spanish rockabilly,9266,609,100
spanish stoner rock,7952,262,100
spanish synthpop,2168,847,101
spanish techno,451,1259,100
spectra,14933,354,102
sped up,5314,864,111
speed garage,1417,1150,101
speed house,2229,901,100
speed metal,8222,203,105
speed plug brasileiro,8866,1015,101
speed up brasileiro,7655,1106,101
speed up turkce,8888,883,101
speedcore,2279,445,100
speedrun,5658,753,104
spiritual hip hop,9529,917,100
spiritual jazz,17212,680,100
spirituals,20690,607,100
spoken word,13758,1045,100
springfield mo indie,11698,535,101
spytrack,12511,756,100
st louis drill,6666,1073,100
st louis rap,4099,1103,103
st petersburg fl indie,10638,441,100
staff band,21620,231,100
starogradska,16202,481,100
stateside dnb,1753,1023,100
steampunk,9999,588,101
steel guitar,14983,854,100
steelpan,9694,994,100
stl indie,10386,508,100
stockholm indie,8972,404,100
stomp and flutter,14835,549,103
stomp and holler,13256,530,111
stomp and whittle,10699,524,100
stomp pop,7618,447,102
stoner metal,11173,234,103
stoner rock,11234,247,104
straight edge,11088,277,101
straight-ahead jazz,18844,862,100
streektaal,12166,663,101
street band,11218,851,100
street punk,9279,255,100
street punk espanol,8285,376,100
streichquartett,21963,327,100
stride,20351,1051,101
string band,15951,849,100
string duo,18581,360,100
string folk,18498,713,100
string orchestra,20200,308,100
string quartet,21693,350,100
string quintet,19141,492,100
strut,2849,982,101
stubenmusik,19345,1110,100
study beats,10494,1114,102
stutter house,3595,899,105
stuttgart indie,8521,495,100
subliminal product,19065,156,100
substep,5157,767,101
sudanese hip hop,8952,1103,101
sudanese pop,8151,971,101
sufi,12872,731,105
sufi chant,17446,544,100
sulawesi indie,5465,689,100
sundanese traditional,18469,862,100
sung poetry,15374,751,101
sungura,11778,909,100
sunnlensk tonlist,9700,700,100
sunset lounge,5200,1053,100
sunshine pop,14563,655,104
suomi rock,8934,599,103
suomirap,8322,1055,101
suomisaundi,1271,982,100
super eurobeat,2411,795,101
supergroup,10282,390,103
surabaya indie,7188,331,100
surf music,12823,788,101
surf punk,8210,306,102
surinamese hip hop,7447,1166,100
surinamese pop,12500,1011,100
svensk indie,9315,431,100
svensk lovsang,12623,495,100
svensk progg,14192,724,101
swahili gospel,10007,746,100
swamp blues,14119,917,100
swamp pop,13801,804,100
swamp rock,12067,788,104
swancore,5878,272,101
swansea indie,8260,339,100
swazi hip hop,11742,1075,100
swazi pop,8038,959,100
swazi traditional,19842,1002,100
swedish alternative rock,4296,350,103
swedish americana,14020,479,101
swedish black metal,9807,62,101
swedish blues,11181,607,100
swedish choir,21644,156,100
swedish classical,20836,596,100
swedish contemporary classical,21060,229,100
swedish country,9503,588,101
swedish dancehall,5440,1110,101
swedish death metal,8527,143,102
swedish doom metal,9451,169,101
swedish drill,8248,1106,103
swedish ebm,989,941,100
swedish electronic,1306,1191,101
swedish electropop,3039,783,105
swedish emo,9786,185,100
swedish eurodance,2540,891,103
swedish experimental,15137,218,100
swedish fiddle,19930,392,100
swedish folk pop,12600,612,100
swedish gangsta rap,11516,1056,104
swedish garage rock,8849,277,101
swedish grindcore,10526,81,100
swedish hard rock,6394,234,102
swedish hardcore,10428,154,100
swedish heavy metal,5777,218,101
swedish hip hop,10271,1034,105
swedish house,1391,1217,100
swedish idol pop,5377,689,103
swedish indie folk,14786,542,102
swedish indie pop,9036,510,103
swedish indie rock,8800,372,102
swedish jazz,17926,721,101
swedish jazz orkester,19287,889,100
swedish melodeath,5839,158,102
swedish melodic rock,4734,310,101
swedish metal,7891,156,104
swedish metalcore,2981,194,101
swedish pop,6679,677,109
swedish pop punk,9206,229,100
swedish pop rap,10870,1000,102
swedish post-hardcore,7076,220,100
swedish post-punk,7743,435,100
swedish power metal,4968,205,102
swedish prog,14538,566,100
swedish progressive metal,7596,238,101
swedish psychedelic rock,11429,277,100
swedish punk,9439,317,101
swedish reggae,6639,1088,101
swedish rock-and-roll,11528,659,100
swedish rockabilly,9713,624,100
swedish singer-songwriter,14365,563,103
swedish soul,6818,854,102
swedish stoner rock,11332,258,100
swedish synth,2148,777,101
swedish synthpop,2820,731,103
swedish techno,1208,1209,100
swedish trap,8263,1101,104
swedish trap pop,10183,1068,105
swedish tropical house,2528,862,102
swedish underground rap,11216,1041,100
swing,19842,925,105
swing italiano,16845,1023,100
swing revival,14490,917,100
swiss alternative rock,6677,458,100
swiss black metal,7174,129,100
swiss classical piano,22326,427,100
swiss contemporary classical,21461,348,100
swiss country,8662,674,100
swiss experimental,12523,810,100
swiss folk,14786,751,100
swiss hip hop,8139,1032,101
swiss house,205,1379,100
swiss indie,8224,703,101
swiss indie folk,13763,568,100
swiss jazz,16777,815,100
swiss metal,6185,203,101
swiss pop,4583,802,101
swiss punk,6248,388,100
swiss reggae,5174,1161,100
swiss rock,8273,547,101
swiss singer-songwriter,11430,677,100
swiss techno,487,1330,100
swiss trap,5519,1134,100
swiss worship,8173,418,100
sydney indie,7485,382,101
symfonicky orchestr,18966,187,101
symphonic black metal,8419,101,101
symphonic death metal,6260,138,101
symphonic deathcore,6015,143,101
symphonic melodic death metal,4746,117,100
symphonic metal,6100,192,105
symphonic power metal,4413,185,101
symphonic rock,12884,435,106
synth funk,5063,1009,103
synth prog,12734,429,100
synth punk,5729,479,101
synthesizer,11563,388,101
synthetic classical,14463,431,100
synthpop,3168,741,110
synthwave,2450,573,103
synthwave brasileiro,3653,549,100
syrian hip hop,12387,1041,100
syrian pop,13309,636,101
syro-aramaic chant,20000,352,100
szanty,14241,786,100
t-pop girl group,2845,744,101
taarab,13491,568,100
tabla,14896,996,100
tagalog rap,8841,1056,104
tagalog worship,14968,416,101
tahitian traditional,15722,949,100
taiko,15547,1017,100
taiwan campus folk,14888,443,100
taiwan classical performance,20330,526,100
taiwan electronic,4608,781,100
taiwan experimental,12986,537,100
taiwan graduation song,12646,479,100
taiwan hip hop,5440,1004,101
taiwan idol pop,4793,655,101
taiwan indie,9024,519,103
taiwan instrumental,16248,481,100
taiwan metal,4834,183,100
taiwan pop,8815,581,104
taiwan post-rock,10325,382,100
taiwan punk,4500,321,101
taiwan rock,5627,410,100
taiwan singer-songwriter,12104,571,103
taiwanese indie,8815,689,100
taiwanese indigenous music,14774,609,100
taiwanese pop,9242,549,100
tajik pop,7582,872,100
tajik traditional,19725,909,100
talent show,4617,683,111
talentkonkurranse,7668,763,101
talentkonkurrence,2469,1015,100
talentos brasileiros,10514,777,100
talentschau,10147,718,101
tallava,7817,828,101
tamaulipas indie,5529,416,100
tamaulipas rap,5985,1186,103
tamazight,10348,911,100
tamborazo,11329,973,101
tamburica,14823,506,100
tamil devotional,17563,872,100
tamil hip hop,6766,915,107
tamil indie,9725,753,100
tamil pop,8626,921,107
tamil worship,10436,797,101
tampa indie,8297,378,100
tan co,13676,790,100
tanci,22297,1170,100
tango,20397,913,101
tango cancion,21011,889,100
tanzanian hip hop,10518,1101,100
tanzanian pop,11240,1066,101
tanzanian traditional,16640,815,100
tanzlmusi,19287,1058,100
tanzorchester,14131,877,100
tape club,10625,447,101
tar,19813,753,100
taraneem,14660,636,100
tarantella,10880,680,100
tassie indie,11380,484,100
tatar folk,17738,583,100
tatar pop,6178,718,100
tavern,13343,556,100
tearout,5906,718,100
tech house,555,1347,105
tech trance,862,627,101
techengue,3074,1153,101
technical black metal,11649,22,100
technical brutal death metal,8185,169,100
technical death metal,10403,154,102
technical deathcore,7485,172,100
technical grindcore,11345,127,100
technical groove metal,6236,260,100
technical melodic death metal,7273,203,100
technical thrash,9376,214,100
techno,1048,1180,101
techno argentina,628,1214,100
techno kayo,7198,772,101
techno rave,611,963,101
tecnobanda,11553,1114,104
tecnobrega,6223,881,102
teen pop,6458,826,103
tejano,8990,1007,106
tekk,2396,925,103
tekno,1198,965,101
telugu devotional,15058,929,100
telugu folk,10845,984,101
telugu hip hop,5818,1135,100
telugu indie,7273,919,100
telugu remix,8064,990,100
telugu worship,10751,741,100
tempe indie,6904,398,101
tennessee experimental,13540,408,100
tennessee hip hop,4670,1105,106
tennessee metal,9267,196,100
terrorcore,1403,815,100
tex-mex,9767,1034,101
texas blues,18235,1015,102
texas country,7448,512,104
texas death metal,10880,170,100
texas hardcore,9328,240,100
texas latin rap,4658,1070,103
texas metal,10153,249,102
texas pop punk,4267,335,101
texas punk,9995,335,100
thai bl ost,8940,748,101
thai folk,12847,624,101
thai folk pop,9945,694,101
thai folk rock,7411,686,101
thai hip hop,7153,1051,102
thai indie,6166,697,101
thai indie pop,6839,655,103
thai indie rock,6815,583,102
thai instrumental,16991,705,100
thai metal,5602,302,100
thai ost,9908,729,101
thai pop,7743,708,107
thai pop rap,10599,1002,101
thai post-rock,9823,317,100
thai psychedelic,15147,756,100
thai rock,5652,591,102
thai shoegaze,8049,319,100
thai teen pop,6904,813,101
thai traditional,19124,799,100
thai trap,6060,1077,102
thai viral pop,8000,921,101
thai worship,6818,736,100
thall,4997,225,100
theme,14019,422,102
therapy,19725,253,100
theremin,16102,390,100
thrash core,10843,251,100
thrash metal,10007,221,106
thrash-groove metal,5051,270,100
throat singing,15629,481,100
tibetan folk pop,12586,460,100
tibetan hip hop,6236,1187,100
tibetan mantra,18089,441,100
tibetan pop,14217,808,101
tibetan traditional,18352,499,100
tierra caliente,13084,1004,103
tigrigna pop,12724,746,100
tijuana electronic,3657,973,100
tijuana indie,9081,414,100
timba,12822,1040,101
tin pan alley,20193,899,101
tinku,11894,866,100
tipico,13363,959,101
togolese pop,9250,1013,100
tolkien metal,8074,142,101
tollywood,7742,980,105
tololoche,13528,1070,101
tone,19375,158,101
tongan pop,12560,885,100
tontipop,5582,551,102
torch song,20222,756,104
toronto indie,9798,443,103
toronto rap,6729,1081,101
totalism,16686,352,100
touhou,3887,495,101
trad jazz catala,19913,821,100
trad quebecois,12798,821,100
traditional bluegrass,14033,770,100
traditional blues,18815,1032,103
traditional british folk,17488,777,100
traditional country,17926,901,101
traditional english folk,17955,781,100
traditional folk,19930,994,101
traditional funk,11464,858,100
traditional irish singing,21186,959,100
traditional reggae,5830,1146,100
traditional rockabilly,15209,881,100
traditional scottish folk,14945,578,100
traditional ska,9995,1060,100
traditional soul,12609,810,101
traditional southern folk,19959,1005,100
trallalero,21718,486,100
trallpunk,9599,275,100
trance,2046,624,107
trance brasileiro,1515,1150,101
trance mexicano,1195,1157,100
trancecore,4062,249,103
transpop,8187,713,102
trap,5478,1064,124
trap angolano,12924,1043,100
trap antillais,8127,1121,102
trap argentino,6336,1103,113
trap baiano,9593,1045,103
trap beats,2606,1205,101
trap boliviano,7753,1094,100
trap boricua,8089,1115,108
trap brasileiro,9541,1071,109
trap carioca,6754,1117,102
trap catala,9002,1081,103
trap chileno,6261,1070,103
trap colombiano,6298,1106,103
trap cristao,8476,1021,101
trap cristiano,7938,1079,100
trap dominicano,8446,1143,102
trap funk,7215,1170,105
trap italiana,6653,984,108
trap kreyol,6954,1128,100
trap latino,3723,1182,134
trap maroc,7273,1017,101
trap metal italiana,7066,767,101
trap mexicano,5693,1105,104
trap peruano,8927,1114,102
trap pesado,5064,1164,102
trap queen,4161,1166,107
trap soul,7198,913,103
trap triste,7987,1005,109
trap tuga,11926,1071,102
trap venezolano,8727,1123,102
traphall,11590,1105,102
traprun,3857,746,103
trash rock,9688,327,100
trecento,22048,242,100
trekkspill,14168,674,100
triangle indie,11185,356,100
tribal house,865,1184,101
tribute,9106,721,100
trikiti,12760,1019,100
trinibad,9830,1144,101
trinidadian reggae,6109,1071,100
trio batak,6321,526,100
trio cubano,17621,1141,100
trio huasteco,15522,917,100
trip hop,4530,868,106
trival,2871,1189,100
trombone brasileiro,16039,971,100
trombone ensemble,19988,475,100
trondersk musikk,8436,604,101
trondheim indie,9896,408,100
trop rock,9394,849,101
tropical,12948,1066,111
tropical alternativo,4997,973,102
tropical house,3569,864,110
tropical tecladista,2859,1194,101
tropicalia,14390,856,103
trot,11280,508,101
troubadour,20485,551,100
trouvere,19959,547,100
trova,16715,860,104
trova mexicana,15560,872,101
truck-driving country,13761,883,100
tuareg guitar,13311,843,100
tucson indie,13133,530,100
tulsa indie,7497,447,101
tulum,13996,408,100
tuna,14648,566,100
tuna universitaria,15926,599,100
tunantada,14143,913,100
tunisian alternative,7719,495,100
tunisian pop,8037,793,101
turbo folk,6531,751,105
turin indie,8162,526,101
turk sanat muzigi,18060,386,101
turkce drill,5009,1032,104
turkce kadin rap,5187,1026,101
turkce remix,2399,1164,101
turkce slow sarkilar,11292,677,103
turkce trap metal,4775,834,101
turkish alt pop,10122,708,105
turkish alternative,9081,549,103
turkish alternative rock,8149,490,104
turkish black metal,9773,185,100
turkish classical,19901,447,100
turkish classical performance,21425,537,100
turkish death metal,8049,156,100
turkish deep house,2162,1032,102
turkish edm,1934,1110,102
turkish electronic,4099,895,100
turkish experimental,13404,378,100
turkish folk,15746,609,104
turkish hardcore,9884,223,100
turkish hip hop,6703,1030,108
turkish instrumental,14700,554,102
turkish jazz,15208,650,102
turkish metal,6802,339,100
turkish modern jazz,14872,716,101
turkish pop,7681,744,112
turkish post-punk,7731,486,100
turkish psych,14241,659,102
turkish punk,8261,488,101
turkish reggae,4763,943,100
turkish rock,10932,554,109
turkish singer-songwriter,11504,697,104
turkish soundtrack,13788,441,101
turkish trap,5174,1051,107
turkish trap pop,6627,963,103
turkmen hip hop,7534,1055,100
turkmen pop,8485,774,100
turntablism,5261,1071,101
tuvan folk,17358,443,100
twee indie pop,10489,479,100
twee pop,9847,479,101
twin cities indie,9739,519,100
twoubadou,9804,957,100
tzadik,18060,521,100
ua trap,4695,986,100
uae indie,5999,724,100
ugandan gospel,8025,866,100
ugandan hip hop,10932,1088,100
ugandan pop,6550,1084,101
ugandan traditional,17563,1064,100
uilleann pipes,17061,327,100
uk alternative hip hop,12166,1051,103
uk alternative pop,7643,650,105
uk americana,13416,524,103
uk bass,2350,1144,100
uk beatdown,10660,312,100
uk christian rap,12215,1015,100
uk contemporary jazz,11857,786,101
uk contemporary r&amp;b,9743,870,107
uk dance,2202,947,113
uk dancehall,5667,1103,102
uk desi rap,8964,1101,101
uk diy punk,8322,294,100
uk dnb,1663,1055,102
uk doom metal,11563,172,103
uk drill,7962,1157,104
uk dub,2631,1217,101
uk experimental electronic,8840,627,102
uk funky,2586,1077,104
uk garage,2374,1155,101
uk hip hop,10672,1053,109
uk house,1490,1196,102
uk melodic rap,11464,1058,102
uk metalcore,5965,214,105
uk noise rock,9995,236,100
uk pop,8311,760,119
uk pop punk,3949,270,102
uk post-hardcore,6727,240,101
uk post-metal,9855,108,100
uk post-punk,8013,490,106
uk post-punk revival,6468,431,101
uk reggae,4124,1166,102
uk rockabilly,10208,786,100
uk stoner rock,11417,207,100
uk tech house,146,1399,101
uk worship,9810,350,101
uk82,10612,294,100
ukg revival,2162,1268,101
ukhc,9831,244,100
ukrainian alternative rock,6892,294,100
ukrainian black metal,9500,64,100
ukrainian ccm,9635,499,100
ukrainian choir,22443,81,100
ukrainian classical,22501,312,101
ukrainian classical piano,22455,346,100
ukrainian contemporary classical,17926,445,100
ukrainian edm,1885,741,100
ukrainian electronic,1183,1126,101
ukrainian experimental,8521,670,100
ukrainian folk,8411,808,100
ukrainian folk pop,4033,923,100
ukrainian folk rock,6653,683,101
ukrainian hip hop,8853,1058,101
ukrainian indie,8075,692,101
ukrainian metal,6407,190,100
ukrainian metalcore,3419,240,100
ukrainian phonk,2412,937,101
ukrainian pop,5987,786,103
ukrainian post-punk,5026,484,101
ukrainian rock,6302,703,102
ukrainian viral pop,7975,967,102
ukulele,16102,1064,100
ukulele cover,15751,1245,100
ulkucu sarkilar,13470,716,101
umbanda,15386,967,102
umea hardcore,11015,266,100
umea indie,9218,362,100
unblack metal,8444,129,100
underground amapiano,1428,1313,100
underground boom bap,12438,955,100
underground grunge,10892,277,100
underground hip hop,8488,988,110
underground power pop,8420,458,101
underground rap,10345,1017,101
university choir,21632,181,100
uplifting trance,1622,561,103
uppsala indie,7311,477,100
upstate ny rap,10495,984,102
uptempo hardcore,2730,537,102
urban contemporary,5618,937,117
urban kiz,3050,1144,100
urbano chileno,5387,1137,107
urbano espanol,10083,1047,110
urbano latino,3456,1170,136
urbano mexicano,5972,1099,107
urdu hip hop,7802,1135,103
uruguayan indie,9637,659,100
us power metal,8825,258,101
usbm,11551,50,100
utah indie,10313,466,100
utah metal,9426,199,100
utopian virtual,10288,497,101
uwielbienie,14057,551,100
uyghur folk,13933,741,100
uyghur pop,13072,639,100
uzbek hip hop,5113,1084,100
uzbek pop,5830,887,101
uzbek traditional,20164,711,100
v-pop,10785,724,106
vaikiskos dainos,11415,1040,100
vallenato,10994,1148,105
vallenato moderno,10395,1121,103
vancouver indie,10374,473,103
vancouver metal,8013,229,101
vancouver punk,8395,292,101
vanuatu music,7643,1064,100
vapor house,3025,1032,100
vapor pop,6605,639,102
vapor soul,6556,772,103
vapor twitch,5855,828,103
vaportrap,6665,650,100
vaporwave,7461,571,102
vaqueiro,11142,1002,101
variete francaise,8274,736,103
varmland rock,7285,396,100
vaudeville,20807,860,100
vbs,10258,783,101
veena,18364,788,100
vegan straight edge,11210,313,100
vegas indie,7014,452,102
velha guarda,16361,781,104
venda pop,9319,986,100
venda rap,10623,1053,100
venezuelan hip hop,12252,1092,104
venezuelan indie,5718,797,101
venezuelan metal,6904,264,100
venezuelan rock,8964,804,102
veracruz indie,10350,726,102
vermont indie,13466,561,100
vgm instrumental,15033,711,101
vgm remix,1797,905,101
via,13294,596,100
victoria bc indie,10855,515,102
victorian britain,21742,212,101
video game music,12423,272,105
vienna indie,9049,586,100
viet chill rap,11041,939,101
viet edm,3080,845,100
viet instrumental,14576,618,100
viet lo-fi,8527,986,101
viet remix,4533,1009,101
vietnamese bolero,13059,542,101
vietnamese electronic,6867,909,100
vietnamese hip hop,10158,1038,104
vietnamese idol pop,8347,879,101
vietnamese melodic rap,7778,1017,103
vietnamese pop,13688,490,101
vietnamese singer-songwriter,13725,630,101
vietnamese traditional,16628,808,100
vietnamese trap,6362,1077,102
viking black metal,8656,78,100
viking folk,11355,425,102
viking metal,6345,160,102
villancicos,14340,677,100
vinahouse,7365,817,100
vincy soca,2911,1073,100
vintage broadway,19199,683,100
vintage cantonese pop,13416,630,100
vintage chanson,20614,821,100
vintage chinese pop,15617,515,100
vintage classical singing,22601,370,100
vintage country folk,20894,984,100
vintage dutch pop,14823,689,101
vintage finnish jazz,19316,670,100
vintage french electronic,13392,573,101
vintage french psychedelic,14725,578,100
vintage gospel,21859,847,100
vintage hawaiian,19562,889,100
vintage hollywood,20982,779,100
vintage italian pop,19901,718,100
vintage italian soundtrack,17037,394,102
vintage jazz,20164,1032,101
vintage norwegian pop,19316,839,100
vintage old-time,20422,949,100
vintage radio show,16803,1367,100
vintage reggae,7667,1244,100
vintage rockabilly,15094,905,100
vintage schlager,20076,753,101
vintage spanish pop,19930,841,100
vintage swedish pop,17108,854,100
vintage swing,20281,1205,100
vintage swoon,14439,556,100
vintage taiwan pop,18001,425,100
vintage tango,20544,961,101
vintage tollywood,18966,765,101
vintage western,18410,1123,100
viola,21987,327,100
viola caipira,15897,887,101
viola da gamba,20690,296,100
violao,18026,899,102
violao classico,20018,1005,100
violin,21510,454,100
viral afropop,12710,1036,102
viral pop,10233,765,111
viral pop brasileiro,9656,1038,100
viral rap,4753,1173,105
viral trap,5052,1108,102
virgin islands reggae,8714,1121,101
virginia hip hop,8828,1088,102
virginia indie,11593,718,100
virginia metal,9587,205,101
virginia punk,10281,268,100
visor,18995,862,100
vispop,8497,703,100
visual kei,4575,257,103
vlaamse cabaret,15496,998,100
vlaamse kinderliedje,11278,1002,101
vlaamse rap,9781,1119,100
vocal ensemble,21791,231,100
vocal harmony group,19500,901,101
vocal house,1170,1101,103
vocal jazz,19562,795,110
vocal trance,2438,578,100
vocaloid,3127,510,104
vocaloid metal,3025,315,100
voetbal,9439,556,100
vogue,2323,1117,100
voidgaze,10575,34,101
voidgrind,11806,43,100
volksmusik,7817,627,101
volkspop,7496,915,102
volkstumliche musik,6265,799,100
wagnerian singing,22514,275,100
waiata maori,11845,770,100
waiata mo tamariki,13863,959,100
wandelweiser,20355,317,100
war metal,11441,31,100
warm drone,18118,80,100
warrington indie,6050,435,100
washboard,17212,1090,100
washington indie,12437,512,102
wassoulou,11341,969,100
water,17241,22,103
wave,4354,554,102
weightless,5999,830,100
weirdcore,9269,847,105
wellington indie,11256,481,100
welsh choir,22048,149,100
welsh folk,16577,783,100
welsh hip hop,6729,949,100
welsh indie,9811,441,101
welsh metal,7310,240,102
welsh rock,7174,380,102
west african jazz,14045,947,100
west australian hip hop,9467,1023,100
west bengali pop,13614,677,102
west coast rap,5478,1159,111
west coast reggae,7372,937,101
west coast trap,7596,1077,101
west end,17446,479,101
west virginia indie,10588,404,100
west virginia metal,9859,231,100
west yorkshire indie,9947,354,100
west-vlaamse hip hop,12599,1088,100
westcoast flow,8433,1134,102
western americana,13663,642,101
western mass indie,11994,481,100
western ny metal,8601,183,100
western saharan folk,14625,870,100
western swing,17278,911,101
whale song,19112,0,100
white noise,17985,0,109
wind ensemble,22292,352,100
wind quintet,22151,439,100
wind symphony,20953,414,100
windsor on indie,7967,439,100
winnipeg hip hop,7790,1023,100
wisconsin indie,11832,445,100
wisconsin metal,7420,221,100
witch house,5026,384,101
women's choir,19608,272,100
women's music,14478,802,103
wonky,6977,790,103
worcester ma indie,8607,460,100
workout product,914,1223,101
world,13287,843,104
world chill,5842,751,101
world devotional,15571,445,101
world fusion,6581,772,101
world meditation,18118,192,100
world worship,9426,275,107
worship,8909,257,108
wrestling,4705,624,101
writing,16540,1372,104
wrock,12178,828,100
wu fam,9357,988,100
wuhan indie,9365,466,100
wyoming indie,9574,456,100
wyoming roots,11267,624,101
xenharmonic,20748,396,100
xhosa,15122,795,100
xhosa hip hop,9176,1094,100
xinyao,13195,521,100
xitsonga pop,3507,1180,100
xtra raw,3039,503,101
yacht rock,10904,746,110
yakut pop,6277,851,100
yaoi,5541,477,101
ye ye,16686,711,103
yemeni pop,11403,885,100
yemeni traditional,19053,851,100
yiddish folk,19855,929,100
yodeling,18498,895,101
yoga,19784,149,100
yogyakarta indie,8739,384,101
yoik,15529,526,100
york indie,9194,341,100
yorkshire folk,17241,729,100
yoruba worship,11342,856,100
youth orchestra,21255,174,100
yu-mex,13726,519,100
yugoslav new wave,8112,724,100
yugoslav rock,9377,599,102
yunnan traditional,18118,713,100
yuri,8212,618,100
zamba,18936,1058,101
zambian gospel,9456,788,100
zambian hip hop,10796,1038,100
zambian pop,8113,925,100
zampogna,14728,264,100
zarzuela,21352,481,100
zcc,14537,535,100
zen,18920,136,101
zenonesque,979,1202,100
zespol dzieciecy,12636,1045,101
zeuhl,14582,447,100
zhenskiy rep,4317,1009,102
zhongguo feng,8100,599,103
zikir,17488,642,101
zilizopendwa,12847,965,100
zillertal,8397,868,100
zim gospel,10135,674,100
zim hip hop,7802,1034,100
zim urban groove,12166,929,100
zimdancehall,9479,1030,101
zither,19521,973,100
zohioliin duu,12857,460,100
zolo,10035,627,103
zomi pop,9441,636,100
zouglou,6010,1051,101
zouk,2862,1004,101
zouk riddim,5375,990,101
zurich indie,6940,663,100
zxc,4822,799,101
zydeco,11117,872,100
